player_name,country,playing_role,date_of_birth,age,batting_style,bowling_style,career_span,input_url,warning,warning_code,error,matches,wickets,batting_average,strike_rate,Balls,BBI,Ave,Econ,SR,Inns,NO,runs,HS,50s,5
Ramakrishna Ghosh,India,Bowling Allrounder,"August 28, 1997, Nashik",28y 290d,Right hand Bat,Right arm Medium fast,,https://www.espncricinfo.com/records/trophy/averages-batting/indian-premier-league-117?team=4343,,,,1,1.0,-,-,18.0,1/24,24.0,8.0,18.0,,,,,,
Ben Hilfenhaus,Australia,Bowler,"March 15, 1983, Ulverstone, Tasmania",43y 91d,Right hand Bat,Right arm Fast medium,INTL CAREER: 2007 - 2012,https://www.espncricinfo.com/records/trophy/averages-batting/indian-premier-league-117?team=4343,,,,17,22.0,-,-,372.0,3/27,21.77,7.72,16.9,1.0,1.0,,,,
Faf du Plessis,South Africa,Middle order Batter,"July 13, 1984, Pretoria",41y 336d,Right hand Bat,Legbreak,INTL CAREER: 2011 - 2021,https://www.espncricinfo.com/records/trophy/averages-batting/indian-premier-league-117?team=4343,,,,154,,35.09,135.78,6.0,-,,16.0,,147.0,11.0,4773.0,96.0,39.0,
Doug Bollinger,Australia,Bowler,"July 24, 1981, Baulkham Hills, Sydney, New South Wales",44y 325d,Left hand Bat,Left arm Fast medium,INTL CAREER: 2009 - 2014,https://www.espncricinfo.com/records/trophy/averages-batting/indian-premier-league-117?team=4343,,,,27,37.0,21.00,91.30,576.0,4/13,18.72,7.21,15.5,4.0,3.0,21.0,16.0,,1.0
Deepak Chahar,India,Bowler,"August 07, 1992, Agra, Uttar Pradesh",33y 311d,Right hand Bat,Right arm Medium,INTL CAREER: 2018 - 2023,https://www.espncricinfo.com/records/trophy/averages-batting/indian-premier-league-117?team=4343,,,,103,96.0,14.20,137.86,2068.0,4/13,29.81,8.3,21.5,21.0,11.0,142.0,39.0,,2.0
Prashant Veer,India,Bowling Allrounder,"November 24, 2005, Amethi, Uttar Pradesh",20y 202d,Left hand Bat,Slow Left arm Orthodox,,https://www.espncricinfo.com/records/trophy/averages-batting/indian-premier-league-117?team=4343,,,,6,,45.00,134.32,12.0,-,,12.5,,5.0,3.0,90.0,43.0,,
Richard Gleeson,England,Bowler,"December 02, 1987, Blackpool, Lancashire",38y 194d,Right hand Bat,Right arm Fast medium,INTL CAREER: 2022 - 2022,https://www.espncricinfo.com/records/trophy/averages-batting/indian-premier-league-117?team=4343,,,,3,2.0,-,100.00,68.0,1/30,55.0,9.7,34.0,1.0,1.0,2.0,2.0,,
Pawan Negi,India,Bowler,"January 06, 1993, Delhi",33y 159d,Left hand Bat,Slow Left arm Orthodox,INTL CAREER: 2016 - 2016,https://www.espncricinfo.com/records/trophy/averages-batting/indian-premier-league-117?team=4343,,,,50,34.0,14.03,126.29,716.0,4/18,27.61,7.86,21.0,35.0,9.0,365.0,36.0,,1.0
Rachin Ravindra,New Zealand,Batting Allrounder,"November 18, 1999, Wellington",26y 208d,Left hand Bat,Slow Left arm Orthodox,INTL CAREER: 2021 - 2026,https://www.espncricinfo.com/records/trophy/averages-batting/indian-premier-league-117?team=4343,,,,18,,24.29,143.90,12.0,-,,3.5,,18.0,1.0,413.0,65.0,2.0,
Khaleel Ahmed,India,Bowler,"December 05, 1997, Tonk, Rajasthan",28y 191d,Right hand Bat,Left arm Fast medium,INTL CAREER: 2018 - 2024,https://www.espncricinfo.com/records/trophy/averages-batting/indian-premier-league-117?team=4343,,,,76,91.0,0.40,22.22,1657.0,3/21,27.18,8.95,18.2,7.0,2.0,2.0,1.0,,
Thisara Perera,Sri Lanka,Bowling Allrounder,"April 03, 1989, Colombo",37y 72d,Left hand Bat,Right arm Medium fast,INTL CAREER: 2009 - 2021,https://www.espncricinfo.com/records/trophy/averages-batting/indian-premier-league-117?team=4343,,,,37,31.0,19.18,137.45,698.0,3/20,32.77,8.73,22.5,30.0,8.0,422.0,40.0,,
Chandrasekar Ganapathy,India,,"June 10, 1981",45y 4d,Right hand Bat,Right arm Medium,,https://www.espncricinfo.com/records/trophy/averages-batting/indian-premier-league-117?team=4343,,,,1,,-,-,6.0,-,,13.0,,1.0,1.0,,,,
Moeen Ali,England,Batting Allrounder,"June 18, 1987, Birmingham",38y 361d,Left hand Bat,Right arm Offbreak,INTL CAREER: 2014 - 2024,https://www.espncricinfo.com/records/trophy/averages-batting/indian-premier-league-117?team=4343,,,,73,41.0,22.01,139.76,854.0,4/26,25.09,7.22,20.8,59.0,6.0,1167.0,93.0,6.0,1.0
Rahul Chahar,India,Bowler,"August 04, 1999, Bharaatpur, Rajasthan",26y 314d,Right hand Bat,Legbreak Googly,INTL CAREER: 2019 - 2021,https://www.espncricinfo.com/records/trophy/averages-batting/indian-premier-league-117?team=4343,,,,80,75.0,8.06,104.03,1694.0,4/27,29.28,7.77,22.5,24.0,8.0,129.0,25.0,,1.0
Robin Uthappa,India,Batter,"November 11, 1985, Coorg, Karnataka",40y 215d,Right hand Bat,Right arm Medium,INTL CAREER: 2006 - 2015,https://www.espncricinfo.com/records/trophy/averages-batting/indian-premier-league-117?team=4343,,,,205,,27.51,130.35,,-,,,,197.0,17.0,4952.0,88.0,27.0,
Ayush Mhatre,India,Top order Batter,"July 16, 2007",18y 333d,Right hand Bat,Right arm Offbreak,,https://www.espncricinfo.com/records/trophy/averages-batting/indian-premier-league-117?team=4343,,,,13,,33.92,183.75,,-,,,,13.0,,441.0,94.0,3.0,
MS Dhoni,India,Wicketkeeper Batter,"July 07, 1981, Ranchi, Bihar (now Jharkhand)",44y 342d,Right hand Bat,Right arm Medium,INTL CAREER: 2004 - 2019,https://www.espncricinfo.com/records/trophy/averages-batting/indian-premier-league-117?team=4343,,,,278,,38.30,137.45,,-,,,,242.0,100.0,5439.0,84.0,24.0,
Scott Kuggeleijn,New Zealand,Bowling Allrounder,"January 03, 1992, Hamilton",34y 162d,Right hand Bat,Right arm Fast medium,INTL CAREER: 2017 - 2024,https://www.espncricinfo.com/records/trophy/averages-batting/indian-premier-league-117?team=4343,,,,2,2.0,-,-,48.0,2/37,35.5,8.87,24.0,,,,,,
Lakshmipathy Balaji,India,Bowler,"September 27, 1981, Madras (now Chennai), Tamil Nadu",44y 260d,Right hand Bat,Right arm Medium fast,INTL CAREER: 2002 - 2012,https://www.espncricinfo.com/records/trophy/averages-batting/indian-premier-league-117?team=4343,,,,73,76.0,4.50,73.46,1513.0,5/24,26.68,8.04,19.9,15.0,7.0,36.0,15.0,,3.0
Ravichandran Ashwin,India,Bowling Allrounder,"September 17, 1986, Madras (now Chennai), Tamil Nadu",39y 270d,Right hand Bat,Right arm Offbreak,INTL CAREER: 2010 - 2024,https://www.espncricinfo.com/records/trophy/averages-batting/indian-premier-league-117?team=4343,,,,221,187.0,13.01,118.15,4710.0,4/34,30.22,7.2,25.1,98.0,34.0,833.0,50.0,1.0,1.0
Mithun Manhas,India,Allrounder,"September 12, 1977, Jammu",48y 275d,Right hand Bat,Right arm Offbreak,,https://www.espncricinfo.com/records/trophy/averages-batting/indian-premier-league-117?team=4343,,,,55,,22.34,109.36,42.0,-,,6.0,,38.0,15.0,514.0,42.0,,
Arun Karthik,India,Wicketkeeper Batter,"February 15, 1986, Walajapet, Tamil Nadu",40y 119d,Right hand Bat,Legbreak Googly,,https://www.espncricinfo.com/records/trophy/averages-batting/indian-premier-league-117?team=4343,,,,17,,10.20,100.00,,-,,,,8.0,3.0,51.0,19.0,,
Akeal Hosein,West Indies,Bowler,"April 25, 1993, Port-of-Spain",33y 50d,Left hand Bat,Slow Left arm Orthodox,INTL CAREER: 2021 - 2026,https://www.espncricinfo.com/records/trophy/averages-batting/indian-premier-league-117?team=4343,,,,8,9.0,-,161.53,172.0,4/17,26.44,8.3,19.1,4.0,4.0,21.0,16.0,,1.0
Mark Wood,England,Bowler,"January 11, 1990, Ashington, Northumberland",36y 154d,Right hand Bat,Right arm Fast,INTL CAREER: 2015 - 2025,https://www.espncricinfo.com/records/trophy/averages-batting/indian-premier-league-117?team=4343,,,,5,11.0,6.00,150.00,120.0,5/14,16.27,8.95,10.9,3.0,1.0,12.0,10.0,,
Matthew Short,Australia,Batting Allrounder,"November 08, 1995",30y 218d,Right hand Bat,Right arm Offbreak,INTL CAREER: 2023 - 2026,https://www.espncricinfo.com/records/trophy/averages-batting/indian-premier-league-117?team=4343,,,,9,,19.66,123.77,43.0,-,,8.93,,9.0,,177.0,36.0,,
Suraj Randiv,Sri Lanka,Bowler,"January 30, 1985, Matara",41y 135d,Right hand Bat,Right arm Offbreak,INTL CAREER: 2009 - 2016,https://www.espncricinfo.com/records/trophy/averages-batting/indian-premier-league-117?team=4343,,,,8,6.0,2.00,50.00,174.0,2/24,37.16,7.68,29.0,1.0,,2.0,2.0,,
Dirk Nannes,Australia,Bowler,"May 16, 1976, Mount Waverley, Melbourne, Victoria",50y 29d,Right hand Bat,Left arm Fast,INTL CAREER: 2009 - 2010,https://www.espncricinfo.com/records/trophy/averages-batting/indian-premier-league-117?team=4343,,,,29,28.0,4.00,30.76,645.0,3/27,28.03,7.3,23.0,3.0,2.0,4.0,3.0,,
Ben Laughlin,Australia,Bowler,"October 03, 1982, Box Hill, Victoria",43y 254d,Right hand Bat,Right arm Fast medium,INTL CAREER: 2009 - 2013,https://www.espncricinfo.com/records/trophy/averages-batting/indian-premier-league-117?team=4343,,,,9,10.0,2.50,38.46,167.0,2/15,28.2,10.13,16.7,4.0,2.0,5.0,4.0,,
Matt Henry,New Zealand,Bowler,"December 14, 1991, Christchurch, Canterbury",34y 182d,Right hand Bat,Right arm Fast medium,INTL CAREER: 2014 - 2026,https://www.espncricinfo.com/records/trophy/averages-batting/indian-premier-league-117?team=4343,,,,9,4.0,3.50,70.00,162.0,2/54,77.75,11.51,40.5,2.0,,7.0,5.0,,
Tim Southee,New Zealand,Bowler,"December 11, 1988, Whangarei, Northland",37y 185d,Right hand Bat,Right arm Medium fast,INTL CAREER: 2008 - 2024,https://www.espncricinfo.com/records/trophy/averages-batting/indian-premier-league-117?team=4343,,,,54,47.0,9.23,112.14,1206.0,3/20,37.06,8.66,25.6,20.0,7.0,120.0,36.0,,
Jacob Oram,New Zealand,Allrounder,"July 28, 1978, Palmerston North, Manawatu",47y 321d,Left hand Bat,Right arm Fast medium,INTL CAREER: 2001 - 2012,https://www.espncricinfo.com/records/trophy/averages-batting/indian-premier-league-117?team=4343,,,,18,9.0,13.25,98.14,237.0,3/32,38.77,8.83,26.3,12.0,4.0,106.0,41.0,,
Harbhajan Singh,India,Bowler,"July 03, 1980, Jullundur (now Jalandhar), Punjab",45y 346d,Right hand Bat,Right arm Offbreak,INTL CAREER: 1998 - 2016,https://www.espncricinfo.com/records/trophy/averages-batting/indian-premier-league-117?team=4343,,,,163,150.0,15.71,137.91,3416.0,5/18,26.86,7.07,22.7,90.0,37.0,833.0,64.0,1.0,1.0
Srikkanth Anirudha,India,Top order Batter,"April 14, 1987, Madras (now Chennai), Tamil Nadu",39y 61d,Right hand Bat,,,https://www.espncricinfo.com/records/trophy/averages-batting/indian-premier-league-117?team=4343,,,,20,,17.00,120.35,,-,,,,13.0,5.0,136.0,64.0,1.0,
S Badrinath,India,Middle order Batter,"August 30, 1980, Madras (now Chennai), Tamil Nadu",45y 288d,Right hand Bat,Right arm Offbreak,INTL CAREER: 2008 - 2011,https://www.espncricinfo.com/records/trophy/averages-batting/indian-premier-league-117?team=4343,,,,95,,30.65,118.89,,-,,,,67.0,20.0,1441.0,71.0,11.0,
Shivam Dube,India,Allrounder,"June 26, 1993, Mumbai",32y 353d,Left hand Bat,Right arm Medium,INTL CAREER: 2019 - 2026,https://www.espncricinfo.com/records/trophy/averages-batting/indian-premier-league-117?team=4343,,,,92,6.0,31.30,145.42,154.0,2/15,46.16,10.79,25.6,87.0,19.0,2129.0,95.0,10.0,
Jamie Overton,England,Bowling Allrounder,"April 10, 1994, Barnstaple, Devon",32y 65d,Right hand Bat,Right arm Fast,INTL CAREER: 2013 - 2026,https://www.espncricinfo.com/records/trophy/averages-batting/indian-premier-league-117?team=4343,,,,13,14.0,37.75,162.36,204.0,4/18,23.71,9.76,14.5,8.0,4.0,151.0,43.0,,1.0
Chamara Kapugedera,Sri Lanka,Middle order Batter,"February 24, 1987, Kandy",39y 110d,Right hand Bat,Right arm Medium,INTL CAREER: 2006 - 2017,https://www.espncricinfo.com/records/trophy/averages-batting/indian-premier-league-117?team=4343,,,,5,,5.33,69.56,17.0,-,,17.29,,3.0,,16.0,8.0,,
Abhinav Mukund,India,Top order Batter,"January 06, 1990, Madras (now Chennai), Tamil Nadu",36y 159d,Left hand Bat,Legbreak Googly,INTL CAREER: 2011 - 2017,https://www.espncricinfo.com/records/trophy/averages-batting/indian-premier-league-117?team=4343,,,,3,,9.50,86.36,,-,,,,2.0,,19.0,19.0,,
Matheesha Pathirana,Sri Lanka,Bowler,"December 18, 2002, Kandy",23y 178d,Right hand Bat,Right arm Fast,INTL CAREER: 2022 - 2026,https://www.espncricinfo.com/records/trophy/averages-batting/indian-premier-league-117?team=4343,,,,33,47.0,-,-,710.0,4/28,21.8,8.66,15.1,,,,,,1.0
Vijay Shankar,India,Allrounder,"January 26, 1991, Tirunelveli, Tamil Nadu",35y 139d,Right hand Bat,Right arm Medium,INTL CAREER: 2018 - 2019,https://www.espncricinfo.com/records/trophy/averages-batting/indian-premier-league-117?team=4343,,,,78,9.0,26.23,129.78,238.0,2/19,38.22,8.67,26.4,65.0,18.0,1233.0,69.0,7.0,
Chris Jordan,England,Bowler,"October 04, 1988, Barbados",37y 253d,Right hand Bat,Right arm Fast medium,INTL CAREER: 2013 - 2024,https://www.espncricinfo.com/records/trophy/averages-batting/indian-premier-league-117?team=4343,,,,34,30.0,8.10,105.19,668.0,4/11,35.66,9.61,22.2,13.0,3.0,81.0,30.0,,1.0
Ben Stokes,England,Allrounder,"June 04, 1991, Christchurch, Canterbury, New Zealand",35y 10d,Left hand Bat,Right arm Fast medium,INTL CAREER: 2011 - 2026,https://www.espncricinfo.com/records/trophy/averages-batting/indian-premier-league-117?team=4343,,,,45,28.0,24.60,133.95,689.0,3/15,35.42,8.63,24.6,44.0,6.0,935.0,107.0,2.0,
Deepak Hooda,India,Allrounder,"April 19, 1995, Rohtak",31y 56d,Right hand Bat,Right arm Offbreak,INTL CAREER: 2022 - 2023,https://www.espncricinfo.com/records/trophy/averages-batting/indian-premier-league-117?team=4343,,,,125,10.0,17.60,127.64,379.0,2/16,54.6,8.64,37.9,101.0,16.0,1496.0,64.0,8.0,
Ankit Rajpoot,India,Bowler,"December 04, 1993, Kanpur",32y 192d,Right hand Bat,Right arm Medium,,https://www.espncricinfo.com/records/trophy/averages-batting/indian-premier-league-117?team=4343,,,,29,24.0,5.20,63.41,529.0,5/14,33.91,9.23,22.0,7.0,2.0,26.0,8.0,,
Brendon McCullum,New Zealand,Wicketkeeper Batter,"September 27, 1981, Dunedin, Otago",44y 260d,Right hand Bat,"Right arm Medium, Right arm Offbreak",INTL CAREER: 2002 - 2016,https://www.espncricinfo.com/records/trophy/averages-batting/indian-premier-league-117?team=4343,,,,109,,27.69,131.74,,-,,,,109.0,5.0,2880.0,158.0,13.0,
Suresh Raina,India,Middle order Batter,"November 27, 1986, Muradnagar, Ghaziabad, Uttar Pradesh",39y 199d,Left hand Bat,Right arm Offbreak,INTL CAREER: 2005 - 2018,https://www.espncricinfo.com/records/trophy/averages-batting/indian-premier-league-117?team=4343,,,,205,25.0,32.51,136.73,908.0,2/0,44.72,7.38,36.3,200.0,30.0,5528.0,100.0,39.0,
Michael Hussey,Australia,Middle order Batter,"May 27, 1975, Mt Lawley, Perth, Western Australia",51y 18d,Left hand Bat,Right arm Medium,INTL CAREER: 2004 - 2013,https://www.espncricinfo.com/records/trophy/averages-batting/indian-premier-league-117?team=4343,,,,59,,38.76,122.64,,-,,,,58.0,7.0,1977.0,116.0,15.0,
Imran Tahir,South Africa,Bowler,"March 27, 1979, Lahore, Punjab",47y 79d,Right hand Bat,Legbreak Googly,INTL CAREER: 2011 - 2019,https://www.espncricinfo.com/records/trophy/averages-batting/indian-premier-league-117?team=4343,,,,59,82.0,8.25,89.18,1316.0,4/12,20.76,7.76,16.0,9.0,5.0,33.0,13.0,,3.0
Narayan Jagadeesan,India,Wicketkeeper Batter,"December 24, 1995, Coimbatore, Tamil Nadu",30y 172d,Right hand Bat,,,https://www.espncricinfo.com/records/trophy/averages-batting/indian-premier-league-117?team=4343,,,,13,,18.00,110.20,,-,,,,10.0,1.0,162.0,39.0,,
Akash Singh,India,Bowler,"April 26, 2002, Bharatpur, Rajasthan",24y 49d,Right hand Bat,Left arm Medium fast,,https://www.espncricinfo.com/records/trophy/averages-batting/indian-premier-league-117?team=4343,,,,12,13.0,-,-,247.0,3/26,31.23,9.86,19.0,,,,,,
Shane Watson,Australia,Allrounder,"June 17, 1981, Ipswich, Queensland",44y 362d,Right hand Bat,Right arm Fast medium,INTL CAREER: 2002 - 2016,https://www.espncricinfo.com/records/trophy/averages-batting/indian-premier-league-117?team=4343,,,,145,92.0,30.99,137.91,2029.0,4/29,29.15,7.93,22.0,141.0,16.0,3874.0,117.0,21.0,1.0
George Bailey,Australia,Top order Batter,"September 07, 1982, Launceston, Tasmania",43y 280d,Right hand Bat,Right arm Medium,INTL CAREER: 2012 - 2017,https://www.espncricinfo.com/records/trophy/averages-batting/indian-premier-league-117?team=4343,,,,40,,24.55,121.87,,-,,,,37.0,10.0,663.0,61.0,2.0,
Karn Sharma,India,Bowler,"October 23, 1987, Meerut, Uttar Pradesh",38y 234d,Left hand Bat,Legbreak Googly,INTL CAREER: 2014 - 2014,https://www.espncricinfo.com/records/trophy/averages-batting/indian-premier-league-117?team=4343,,,,90,83.0,13.53,119.32,1585.0,4/16,26.68,8.38,19.0,41.0,15.0,352.0,39.0,,2.0
Thilan Thushara,Sri Lanka,Bowler,"March 01, 1981, Balapitiya",45y 105d,Left hand Bat,Left arm Fast medium,INTL CAREER: 2003 - 2010,https://www.espncricinfo.com/records/trophy/averages-batting/indian-premier-league-117?team=4343,,,,6,8.0,6.00,66.66,135.0,2/16,20.12,7.15,16.8,4.0,2.0,12.0,8.0,,
Gurjapneet Singh,India,Bowler,"November 08, 1998",27y 218d,Right hand Bat,Left arm Medium fast,,https://www.espncricinfo.com/records/trophy/averages-batting/indian-premier-league-117?team=4343,,,,8,4.0,-,-,151.0,1/7,58.25,9.25,37.7,,,,,,
Anshul Kamboj,India,Bowling Allrounder,"December 06, 2000, Karnal, Haryana",25y 190d,Right hand Bat,Right arm Medium,INTL CAREER: 2025 - 2025,https://www.espncricinfo.com/records/trophy/averages-batting/indian-premier-league-117?team=4343,,,,25,31.0,18.50,142.30,491.0,3/13,26.32,9.97,15.8,10.0,6.0,74.0,19.0,,
Ashish Nehra,India,Bowler,"April 29, 1979, Delhi",47y 46d,Right hand Bat,Left arm Medium fast,INTL CAREER: 1999 - 2017,https://www.espncricinfo.com/records/trophy/averages-batting/indian-premier-league-117?team=4343,,,,88,106.0,5.85,66.12,1908.0,4/10,23.53,7.84,18.0,22.0,15.0,41.0,22.0,,1.0
Palani  Amarnath,India,,"June 01, 1982",44y 13d,Right hand Bat,Right arm Medium,,https://www.espncricinfo.com/records/trophy/averages-batting/indian-premier-league-117?team=4343,,,,6,7.0,-,-,132.0,2/29,33.71,10.72,18.8,,,,,,
John Hastings,Australia,Allrounder,"November 04, 1985, Penrith, New South Wales",40y 222d,Right hand Bat,Right arm Fast medium,INTL CAREER: 2010 - 2017,https://www.espncricinfo.com/records/trophy/averages-batting/indian-premier-league-117?team=4343,,,,3,3.0,-,-,58.0,2/6,22.0,6.82,19.3,,,,,,
Justin Kemp,South Africa,Bowling Allrounder,"October 02, 1977, Queenstown, Cape Province",48y 255d,Right hand Bat,Right arm Fast medium,INTL CAREER: 2001 - 2007,https://www.espncricinfo.com/records/trophy/averages-batting/indian-premier-league-117?team=4343,,,,5,3.0,13.00,108.33,44.0,3/12,18.0,7.36,14.6,2.0,,26.0,22.0,,
Prashant Solanki,India,Bowler,"February 22, 2000",26y 112d,Right hand Bat,Legbreak,,https://www.espncricinfo.com/records/trophy/averages-batting/indian-premier-league-117?team=4343,,,,2,2.0,-,-,36.0,2/20,19.0,6.33,18.0,,,,,,
Muthiah Muralidaran,Sri Lanka,Bowler,"April 17, 1972, Kandy",54y 58d,Right hand Bat,Right arm Offbreak,INTL CAREER: 1992 - 2011,https://www.espncricinfo.com/records/trophy/averages-batting/indian-premier-league-117?team=4343,,,,66,63.0,3.33,66.66,1524.0,3/11,26.92,6.67,24.1,9.0,3.0,20.0,6.0,,
Dhruv Shorey,India,Top order Batter,"June 05, 1992, Delhi",34y 9d,Right hand Bat,Right arm Offbreak,,https://www.espncricinfo.com/records/trophy/averages-batting/indian-premier-league-117?team=4343,,,,2,,6.50,76.47,,-,,,,2.0,,13.0,8.0,,
Sam Curran,England,Allrounder,"June 03, 1998, Northampton",28y 11d,Left hand Bat,Left arm Medium fast,INTL CAREER: 2018 - 2026,https://www.espncricinfo.com/records/trophy/averages-batting/indian-premier-league-117?team=4343,,,,64,59.0,24.92,136.38,1253.0,4/11,34.45,9.73,21.2,53.0,13.0,997.0,88.0,6.0,1.0
Ronit More,India,Bowler,"February 02, 1992, Belgaum, Karnataka",34y 132d,Right hand Bat,Right arm Medium,,https://www.espncricinfo.com/records/trophy/averages-batting/indian-premier-league-117?team=4343,,,,2,1.0,-,100.00,35.0,1/31,59.0,10.11,35.0,1.0,1.0,2.0,2.0,,
KM Asif,India,Bowler,"July 24, 1993, Edavanna,Malappuram",32y 325d,Right hand Bat,Right arm Medium,,https://www.espncricinfo.com/records/trophy/averages-batting/indian-premier-league-117?team=4343,,,,7,7.0,0.00,0.00,133.0,2/42,33.0,10.42,19.0,1.0,,,,,
Sisanda Magala,South Africa,Bowler,"January 07, 1991, Port Elizabeth, Cape Province",35y 158d,Right hand Bat,Right arm Fast medium,INTL CAREER: 2021 - 2023,https://www.espncricinfo.com/records/trophy/averages-batting/indian-premier-league-117?team=4343,,,,2,1.0,-,-,36.0,1/37,51.0,8.5,36.0,,,,,,
Rahul Tripathi,India,Top order Batter,"March 02, 1991, Ranchi",35y 104d,Right hand Bat,Right arm Medium,INTL CAREER: 2023 - 2023,https://www.espncricinfo.com/records/trophy/averages-batting/indian-premier-league-117?team=4343,,,,100,,26.33,137.84,6.0,-,,12.0,,98.0,11.0,2291.0,93.0,12.0,
Ajinkya Rahane,India,Top order Batter,"June 06, 1988, Ashwi-KD, Maharashtra",38y 8d,Right hand Bat,Right arm Medium,INTL CAREER: 2011 - 2023,https://www.espncricinfo.com/records/trophy/averages-batting/indian-premier-league-117?team=4343,,,,212,1.0,30.15,125.60,6.0,1/5,5.0,5.0,6.0,197.0,19.0,5367.0,105.0,35.0,
Ruturaj Gaikwad,India,Batter,"January 31, 1997, Pune, Maharashtra",29y 134d,Right hand Bat,Right arm Offbreak,INTL CAREER: 2021 - 2025,https://www.espncricinfo.com/records/trophy/averages-batting/indian-premier-league-117?team=4343,,,,85,,38.36,135.64,,-,,,,84.0,10.0,2839.0,108.0,22.0,
Tushar Deshpande,India,Bowler,"May 15, 1995, Mumbai",31y 30d,Left hand Bat,Right arm Medium fast,INTL CAREER: 2024 - 2024,https://www.espncricinfo.com/records/trophy/averages-batting/indian-premier-league-117?team=4343,,,,53,55.0,13.50,150.00,1103.0,4/27,33.78,10.1,20.0,10.0,6.0,54.0,25.0,,1.0
Nathan Ellis,Australia,Bowler,"September 22, 1994, Greenacre, New South Wales",31y 265d,Right hand Bat,Right arm Fast medium,INTL CAREER: 2021 - 2026,https://www.espncricinfo.com/records/trophy/averages-batting/indian-premier-league-117?team=4343,,,,17,19.0,4.75,76.00,378.0,4/30,28.73,8.66,19.8,5.0,1.0,19.0,12.0,,1.0
Dewald Brevis,South Africa,Middle order Batter,"April 29, 2003, Johannesburg",23y 46d,Right hand Bat,Legbreak,INTL CAREER: 2023 - 2026,https://www.espncricinfo.com/records/trophy/averages-batting/indian-premier-league-117?team=4343,,,,27,1.0,25.25,146.02,3.0,1/8,8.0,16.0,3.0,24.0,,606.0,57.0,2.0,
Vidyut Sivaramakrishnan,India,Batting Allrounder,"December 03, 1981, Madras (now Chennai), Tamil Nadu",44y 193d,Left hand Bat,Slow Left arm Orthodox,,https://www.espncricinfo.com/records/trophy/averages-batting/indian-premier-league-117?team=4343,,,,9,1.0,18.12,133.02,12.0,1/22,22.0,11.0,12.0,8.0,,145.0,54.0,1.0,
Josh Hazlewood,Australia,Bowler,"January 08, 1991, Tamworth, New South Wales",35y 157d,Left hand Bat,Right arm Fast medium,INTL CAREER: 2010 - 2025,https://www.espncricinfo.com/records/trophy/averages-batting/indian-premier-league-117?team=4343,,,,52,72.0,19.00,63.33,1176.0,4/12,23.47,8.62,16.3,8.0,7.0,19.0,7.0,,3.0
Monu Kumar,India,Bowling Allrounder,"November 05, 1994, Ranchi, Bihar",31y 221d,Right hand Bat,Right arm Medium,,https://www.espncricinfo.com/records/trophy/averages-batting/indian-premier-league-117?team=4343,,,,1,,-,-,12.0,-,,10.0,,,,,,,
Mustafizur Rahman,Bangladesh,Bowler,"September 06, 1995, Satkhira",30y 281d,Left hand Bat,Left arm Fast medium,INTL CAREER: 2015 - 2026,https://www.espncricinfo.com/records/trophy/averages-batting/indian-premier-league-117?team=4343,,,,60,65.0,6.50,54.16,1364.0,4/29,28.44,8.13,20.9,10.0,8.0,13.0,8.0,,1.0
Jason Holder,West Indies,Bowling Allrounder,"November 05, 1991, Barbados",34y 221d,Right hand Bat,Right arm Medium fast,INTL CAREER: 2013 - 2026,https://www.espncricinfo.com/records/trophy/averages-batting/indian-premier-league-117?team=4343,,,,57,70.0,12.46,123.19,1225.0,4/24,25.01,8.57,17.5,34.0,8.0,324.0,47.0,,2.0
Mohit Sharma,India,Bowler,"September 18, 1988, Ballabhgarh, Haryana",37y 269d,Right hand Bat,Right arm Medium,INTL CAREER: 2013 - 2015,https://www.espncricinfo.com/records/trophy/averages-batting/indian-premier-league-117?team=4343,,,,120,134.0,6.94,91.91,2403.0,5/10,26.21,8.77,17.9,33.0,15.0,125.0,21.0,,3.0
David Hussey,Australia,Allrounder,"July 15, 1977, Mt Lawley, Perth, Western Australia",48y 334d,Right hand Bat,Right arm Offbreak,INTL CAREER: 2008 - 2013,https://www.espncricinfo.com/records/trophy/averages-batting/indian-premier-league-117?team=4343,,,,64,8.0,26.97,122.97,317.0,2/2,59.25,8.97,39.6,61.0,12.0,1322.0,71.0,5.0,
Murali Vijay,India,Opening Batter,"April 01, 1984, Chennai",42y 74d,Right hand Bat,Right arm Offbreak,INTL CAREER: 2008 - 2018,https://www.espncricinfo.com/records/trophy/averages-batting/indian-premier-league-117?team=4343,,,,106,,25.93,121.87,36.0,-,,8.16,,106.0,5.0,2619.0,127.0,13.0,
Ravindra Jadeja,India,Allrounder,"December 06, 1988, Navagam-Khed, Saurashtra",37y 190d,Left hand Bat,Slow Left arm Orthodox,INTL CAREER: 2009 - 2026,https://www.espncricinfo.com/records/trophy/averages-batting/indian-premier-league-117?team=4343,,,,268,180.0,29.14,130.64,4254.0,5/16,30.36,7.7,23.6,209.0,88.0,3526.0,77.0,5.0,3.0
Devon Conway,New Zealand,Wicketkeeper Batter,"July 08, 1991, Johannesburg, Transvaal",34y 341d,Left hand Bat,Right arm Medium,INTL CAREER: 2020 - 2026,https://www.espncricinfo.com/records/trophy/averages-batting/indian-premier-league-117?team=4343,,,,29,,43.20,139.71,,-,,,,28.0,3.0,1080.0,92.0,11.0,
Parthiv Patel,India,Wicketkeeper Batter,"March 09, 1985, Ahmedabad, Gujarat",41y 97d,Left hand Bat,Right arm Offbreak,INTL CAREER: 2002 - 2018,https://www.espncricinfo.com/records/trophy/averages-batting/indian-premier-league-117?team=4343,,,,139,,22.60,120.78,,-,,,,137.0,11.0,2848.0,81.0,13.0,
Sanju Samson,India,Wicketkeeper Batter,"November 11, 1994, Pulluvila, Vizhinjam, Trivandrum",31y 215d,Right hand Bat,,INTL CAREER: 2014 - 2026,https://www.espncricinfo.com/records/trophy/averages-batting/indian-premier-league-117?team=4343,,,,191,,31.78,141.13,,-,,,,186.0,23.0,5181.0,119.0,27.0,
Chris Morris,South Africa,Bowling Allrounder,"April 30, 1987, Pretoria, Transvaal",39y 45d,Right hand Bat,Right arm Fast medium,INTL CAREER: 2012 - 2019,https://www.espncricinfo.com/records/trophy/averages-batting/indian-premier-league-117?team=4343,,,,81,95.0,22.07,155.27,1720.0,4/23,24.15,8.0,18.1,51.0,23.0,618.0,82.0,2.0,4.0
Shaik Rasheed,India,Batter,"September 24, 2004, Guntur, Andhra Pradesh",21y 263d,Right hand Bat,Legbreak,,https://www.espncricinfo.com/records/trophy/averages-batting/indian-premier-league-117?team=4343,,,,5,,14.20,112.69,,-,,,,5.0,,71.0,27.0,,
Shadab Jakati,India,Bowler,"November 27, 1980, Vasco da Gama, Goa",45y 199d,Left hand Bat,Slow Left arm Orthodox,,https://www.espncricinfo.com/records/trophy/averages-batting/indian-premier-league-117?team=4343,,,,59,47.0,28.00,96.55,1085.0,4/22,30.87,8.02,23.0,8.0,7.0,28.0,13.0,,2.0
Kedar Jadhav,India,Batting Allrounder,"March 26, 1985, Pune, Maharashtra",41y 80d,Right hand Bat,Right arm Offbreak,INTL CAREER: 2014 - 2020,https://www.espncricinfo.com/records/trophy/averages-batting/indian-premier-league-117?team=4343,,,,95,,22.37,123.13,,-,,,,81.0,27.0,1208.0,69.0,4.0,
Dwayne Smith,West Indies,Allrounder,"April 12, 1983, Storey Gap, Codrington Hill, St Michael, Barbados",43y 63d,Right hand Bat,Right arm Medium,INTL CAREER: 2004 - 2015,https://www.espncricinfo.com/records/trophy/averages-batting/indian-premier-league-117?team=4343,,,,91,26.0,28.39,135.20,539.0,4/8,31.15,9.01,20.7,89.0,5.0,2385.0,87.0,17.0,1.0
Sudeep Tyagi,India,Bowler,"September 17, 1987, Ghaziabad, Uttar Pradesh",38y 270d,Right hand Bat,Right arm Medium,INTL CAREER: 2009 - 2010,https://www.espncricinfo.com/records/trophy/averages-batting/indian-premier-league-117?team=4343,,,,14,6.0,3.00,75.00,209.0,2/18,49.16,8.46,34.8,3.0,2.0,3.0,3.0,,
Dwayne Bravo,West Indies,Allrounder,"October 07, 1983, Santa Cruz, Trinidad",42y 250d,Right hand Bat,Right arm Medium,INTL CAREER: 2004 - 2021,https://www.espncricinfo.com/records/trophy/averages-batting/indian-premier-league-117?team=4343,,,,161,183.0,22.60,129.56,3119.0,4/22,23.82,8.38,17.0,113.0,44.0,1560.0,70.0,5.0,2.0
Scott Styris,New Zealand,Allrounder,"July 10, 1975, Brisbane, Queensland, Australia",50y 339d,Right hand Bat,Right arm Medium,INTL CAREER: 1999 - 2011,https://www.espncricinfo.com/records/trophy/averages-batting/indian-premier-league-117?team=4343,,,,12,8.0,18.71,98.49,216.0,3/32,34.5,7.66,27.0,10.0,3.0,131.0,36.0,,
Maheesh Theekshana,Sri Lanka,Bowler,"August 01, 2000, Colombo",25y 317d,Right hand Bat,Right arm Offbreak,INTL CAREER: 2021 - 2026,https://www.espncricinfo.com/records/trophy/averages-batting/indian-premier-league-117?team=4343,,,,38,36.0,5.66,50.00,876.0,4/33,33.52,8.26,24.3,6.0,3.0,17.0,7.0,,1.0
Piyush Chawla,India,Bowling Allrounder,"December 24, 1988, Aligarh, Uttar Pradesh",37y 172d,Left hand Bat,Legbreak,INTL CAREER: 2006 - 2012,https://www.espncricinfo.com/records/trophy/averages-batting/indian-premier-league-117?team=4343,,,,192,192.0,11.14,110.83,3850.0,4/17,26.6,7.96,20.0,92.0,36.0,624.0,24.0,,2.0
Andrew Flintoff,England,Allrounder,"December 06, 1977, Preston, Lancashire",48y 190d,Right hand Bat,Right arm Fast medium,INTL CAREER: 1998 - 2009,https://www.espncricinfo.com/records/trophy/averages-batting/indian-premier-league-117?team=4343,,,,3,2.0,31.00,116.98,66.0,1/11,52.5,9.54,33.0,3.0,1.0,62.0,24.0,,
Lungi Ngidi,South Africa,Bowler,"March 29, 1996, Durban, Natal",30y 77d,Right hand Bat,Right arm Fast medium,INTL CAREER: 2017 - 2026,https://www.espncricinfo.com/records/trophy/averages-batting/indian-premier-league-117?team=4343,,,,28,42.0,2.00,44.44,620.0,4/10,20.69,8.4,14.7,4.0,2.0,4.0,3.0,,1.0
Makhaya Ntini,South Africa,Bowler,"July 06, 1977, Mdingi, nr King William's Town, Cape Province",48y 343d,Right hand Bat,Right arm Fast,INTL CAREER: 1998 - 2011,https://www.espncricinfo.com/records/trophy/averages-batting/indian-premier-league-117?team=4343,,,,9,7.0,11.00,61.11,210.0,4/21,34.57,6.91,30.0,2.0,1.0,11.0,11.0,,1.0
Shardul Thakur,India,Bowling Allrounder,"October 16, 1991, Palghar, Maharashtra",34y 241d,Right hand Bat,Right arm Medium,INTL CAREER: 2017 - 2025,https://www.espncricinfo.com/records/trophy/averages-batting/indian-premier-league-117?team=4343,,,,114,119.0,11.63,132.69,2202.0,4/34,29.52,9.57,18.5,45.0,15.0,349.0,68.0,1.0,3.0
Simarjeet Singh,India,Bowler,"January 17, 1998, Delhi",28y 148d,Right hand Bat,Right arm Medium fast,,https://www.espncricinfo.com/records/trophy/averages-batting/indian-premier-league-117?team=4343,,,,14,11.0,3.33,66.66,240.0,3/26,36.36,10.0,21.8,6.0,3.0,10.0,3.0,,
Sarfaraz Khan,India,Middle order Batter,"October 22, 1997, Mumbai",28y 235d,Right hand Bat,Legbreak,INTL CAREER: 2024 - 2024,https://www.espncricinfo.com/records/trophy/averages-batting/indian-premier-league-117?team=4343,,,,58,,22.60,137.38,2.0,-,,18.0,,44.0,11.0,746.0,67.0,2.0,
Sameer Rizvi,India,Allrounder,"December 06, 2003, Meerut, Uttar Pradesh",22y 190d,Right hand Bat,Right arm Offbreak,,https://www.espncricinfo.com/records/trophy/averages-batting/indian-premier-league-117?team=4343,,,,24,,30.28,144.70,,-,,,,18.0,4.0,424.0,90.0,3.0,
Adam Milne,New Zealand,Bowler,"April 13, 1992, Palmerston North",34y 62d,Right hand Bat,Right arm Fast,INTL CAREER: 2010 - 2025,https://www.espncricinfo.com/records/trophy/averages-batting/indian-premier-league-117?team=4343,,,,11,7.0,6.25,80.64,227.0,2/21,52.57,9.72,32.4,7.0,3.0,25.0,15.0,,
Yo Mahesh,India,Allrounder,"December 21, 1987, Madras (now Chennai), Tamil Nadu",38y 175d,Right hand Bat,Right arm Medium fast,,https://www.espncricinfo.com/records/trophy/averages-batting/indian-premier-league-117?team=4343,,,,18,21.0,7.50,55.55,339.0,4/36,23.76,8.83,16.1,5.0,3.0,15.0,6.0,,1.0
Samuel Badree,West Indies,Bowler,"March 09, 1981, Barrackpore, Trinidad",45y 97d,Right hand Bat,Legbreak,INTL CAREER: 2012 - 2018,https://www.espncricinfo.com/records/trophy/averages-batting/indian-premier-league-117?team=4343,,,,12,11.0,2.60,56.52,258.0,4/9,29.0,7.41,23.4,5.0,,13.0,8.0,,1.0
Mitchell Santner,New Zealand,Bowling Allrounder,"February 05, 1992, Hamilton",34y 129d,Left hand Bat,Slow Left arm Orthodox,INTL CAREER: 2015 - 2026,https://www.espncricinfo.com/records/trophy/averages-batting/indian-premier-league-117?team=4343,,,,35,30.0,17.00,110.56,687.0,3/11,28.66,7.51,22.9,21.0,13.0,136.0,22.0,,
Stephen Fleming,New Zealand,Top order Batter,"April 01, 1973, Christchurch, Canterbury",53y 74d,Left hand Bat,,INTL CAREER: 1994 - 2008,https://www.espncricinfo.com/records/trophy/averages-batting/indian-premier-league-117?team=4343,,,,10,,21.77,118.78,,-,,,,10.0,1.0,196.0,45.0,,
Albie Morkel,South Africa,Bowling Allrounder,"June 10, 1981, Vereeniging, Transvaal",45y 4d,Left hand Bat,Right arm Medium fast,INTL CAREER: 2004 - 2015,https://www.espncricinfo.com/records/trophy/averages-batting/indian-premier-league-117?team=4343,,,,91,85.0,24.35,141.98,1723.0,4/32,27.7,8.2,20.2,68.0,28.0,974.0,73.0,3.0,1.0
Urvil Patel,India,Wicketkeeper Batter,"October 17, 1998, Mehsana",27y 240d,Right hand Bat,,,https://www.espncricinfo.com/records/trophy/averages-batting/indian-premier-league-117?team=4343,,,,10,,19.70,205.20,,-,,,,10.0,,197.0,65.0,1.0,
Ambati Rayudu,India,Middle order Batter,"September 23, 1985, Guntur, Andhra Pradesh",40y 264d,Right hand Bat,Right arm Offbreak,INTL CAREER: 2013 - 2019,https://www.espncricinfo.com/records/trophy/averages-batting/indian-premier-league-117?team=4343,,,,204,,28.23,127.54,,-,,,,187.0,33.0,4348.0,100.0,22.0,
Joginder Sharma,India,Allrounder,"October 23, 1983, Rohtak",42y 234d,Right hand Bat,Right arm Fast medium,INTL CAREER: 2004 - 2007,https://www.espncricinfo.com/records/trophy/averages-batting/indian-premier-league-117?team=4343,,,,16,12.0,9.00,120.00,256.0,2/27,34.91,9.82,21.3,6.0,2.0,36.0,16.0,,
Rajvardhan Hangargekar,India,Bowling Allrounder,"November 10, 2002, Tuljapur, Maharashtra",23y 216d,Right hand Bat,Right arm Fast medium,,https://www.espncricinfo.com/records/trophy/averages-batting/indian-premier-league-117?team=4343,,,,2,3.0,-,-,36.0,3/36,20.0,10.0,12.0,,,,,,
Noor Ahmad,Afghanistan,Bowler,"January 03, 2005, Khost",21y 162d,Right hand Bat,Left arm Wrist spin,INTL CAREER: 2022 - 2026,https://www.espncricinfo.com/records/trophy/averages-batting/indian-premier-league-117?team=4343,,,,51,61.0,2.81,53.44,1098.0,4/18,24.5,8.16,18.0,17.0,6.0,31.0,8.0,,2.0
Nuwan Kulasekara,Sri Lanka,Bowler,"July 22, 1982, Nittambuwa",43y 327d,Right hand Bat,Right arm Fast medium,INTL CAREER: 2003 - 2017,https://www.espncricinfo.com/records/trophy/averages-batting/indian-premier-league-117?team=4343,,,,6,5.0,-,166.66,102.0,2/10,24.0,7.05,20.4,1.0,1.0,5.0,5.0,,
Daryl Mitchell,New Zealand,Batting Allrounder,"May 20, 1991, Hamilton",35y 25d,Right hand Bat,Right arm Medium,INTL CAREER: 2019 - 2026,https://www.espncricinfo.com/records/trophy/averages-batting/indian-premier-league-117?team=4343,,,,15,1.0,27.00,131.46,48.0,1/18,97.0,12.12,48.0,15.0,2.0,351.0,63.0,2.0,
Kartik Sharma,India,Wicketkeeper Batter,"April 26, 2006",20y 49d,Right hand Bat,,,https://www.espncricinfo.com/records/trophy/averages-batting/indian-premier-league-117?team=4343,,,,11,,32.77,136.57,,-,,,,11.0,2.0,295.0,71.0,2.0,
Matthew Hayden,Australia,Opening Batter,"October 29, 1971, Kingaroy, Queensland",54y 228d,Left hand Bat,Right arm Medium,INTL CAREER: 1993 - 2009,https://www.espncricinfo.com/records/trophy/averages-batting/indian-premier-league-117?team=4343,,,,32,,36.90,137.51,,-,,,,32.0,2.0,1107.0,93.0,8.0,
Spencer Johnson,Australia,Bowler,"December 16, 1995, Adelaide, South Australia",30y 180d,Left hand Bat,Left arm Fast,INTL CAREER: 2023 - 2025,https://www.espncricinfo.com/records/trophy/averages-batting/indian-premier-league-117?team=4343,,,,12,7.0,8.00,66.66,230.0,2/25,56.57,10.33,32.8,6.0,5.0,8.0,5.0,,
Sam Billings,England,Wicketkeeper Batter,"June 15, 1991, Pembury, Kent",34y 364d,Right hand Bat,,INTL CAREER: 2015 - 2022,https://www.espncricinfo.com/records/trophy/averages-batting/indian-premier-league-117?team=4343,,,,30,,19.34,129.63,,-,,,,27.0,1.0,503.0,56.0,3.0,
Mukesh Choudhary,India,Bowler,"July 06, 1996, Pardodas, Bhilwara, Rajasthan",29y 343d,Left hand Bat,Left arm Medium,,https://www.espncricinfo.com/records/trophy/averages-batting/indian-premier-league-117?team=4343,,,,24,25.0,8.00,100.00,483.0,4/46,30.84,9.57,19.3,3.0,2.0,8.0,4.0,,1.0
Wriddhiman Saha,India,Wicketkeeper Batter,"October 24, 1984, Shaktigarh, Siliguri, Bengal, India",41y 233d,Right hand Bat,,INTL CAREER: 2010 - 2021,https://www.espncricinfo.com/records/trophy/averages-batting/indian-premier-league-117?team=4343,,,,170,,24.24,127.56,,-,,,,145.0,24.0,2934.0,115.0,13.0,
David Willey,England,Bowling Allrounder,"February 28, 1990, Northampton",36y 106d,Left hand Bat,Left arm Fast medium,INTL CAREER: 2015 - 2023,https://www.espncricinfo.com/records/trophy/averages-batting/indian-premier-league-117?team=4343,,,,11,6.0,26.50,85.48,216.0,2/16,45.33,7.55,36.0,5.0,3.0,53.0,20.0,,
Ishwar Pandey,India,Bowler,"August 15, 1989, Rewa, Madhya Pradesh",36y 303d,Right hand Bat,Right arm Medium,,https://www.espncricinfo.com/records/trophy/averages-batting/indian-premier-league-117?team=4343,,,,25,18.0,0.00,0.00,462.0,2/23,32.83,7.67,25.6,1.0,,,,,
Dwaine Pretorius,South Africa,Bowling Allrounder,"March 29, 1989, Randfontein",37y 77d,Right hand Bat,Right arm Medium fast,INTL CAREER: 2016 - 2022,https://www.espncricinfo.com/records/trophy/averages-batting/indian-premier-league-117?team=4343,,,,7,6.0,11.00,157.14,150.0,2/30,39.66,9.52,25.0,5.0,1.0,44.0,22.0,,
Manpreet Gony,India,Bowler,"January 04, 1984, Roopnagar, Punjab",42y 161d,Right hand Bat,Right arm Medium,INTL CAREER: 2008 - 2008,https://www.espncricinfo.com/records/trophy/averages-batting/indian-premier-league-117?team=4343,,,,44,37.0,9.90,139.43,888.0,3/31,34.78,8.69,24.0,17.0,7.0,99.0,42.0,,
