player_id,player_name,birthdate,age,nationality,player_role,international_career,year,tournament,team,matches,innings,no,runs,highestscore,batting_average,bf,strikerate,100s,50s,4s,6s,Ct,St,wickets,economy,balls,bbi,bbm,bowl_ave,sr,4w,5w,10w,t20_start,t20_end,odi_start,odi_end
1175485,Abdul Samad Farooq,"October 28, 2001, Kala Kot, Jammu & Kashmir",24y 250d,India,Batter,-,2026,IPL 2026,LSG,8,8,2,116,37*,19.33,88,131.81,0,0,10,5,2,0,0,36.00,1,-,-,-,-,0,0,0,,,,
1175485,Abdul Samad Farooq,"October 28, 2001, Kala Kot, Jammu & Kashmir",24y 250d,India,Batter,-,2025,IPL 2025,LSG,13,12,4,164,45,20.50,93,176.34,0,0,8,14,4,0,0,18.00,2,-,-,-,-,0,0,0,,,,
1175485,Abdul Samad Farooq,"October 28, 2001, Kala Kot, Jammu & Kashmir",24y 250d,India,Batter,-,2024,IPL 2024,SRH,16,12,2,182,37*,18.20,108,168.51,0,0,15,11,9,0,-,-,-,-,-,-,-,-,-,-,,,,
1175485,Abdul Samad Farooq,"October 28, 2001, Kala Kot, Jammu & Kashmir",24y 250d,India,Batter,-,2023,IPL 2023,SRH,9,8,4,169,37*,42.25,128,132.03,0,0,10,11,4,0,-,-,-,-,-,-,-,-,-,-,,,,
1175485,Abdul Samad Farooq,"October 28, 2001, Kala Kot, Jammu & Kashmir",24y 250d,India,Batter,-,2022,IPL 2022,SRH,2,2,0,4,4,2.00,7,57.14,0,0,0,0,1,0,0,8.00,6,-,-,-,-,0,0,0,,,,
1175485,Abdul Samad Farooq,"October 28, 2001, Kala Kot, Jammu & Kashmir",24y 250d,India,Batter,-,2021,IPL 2021,SRH,11,10,1,111,28,12.33,87,127.58,0,0,4,8,8,0,1,9.00,6,1/9,1/9,9.00,6.0,0,0,0,,,,
1175485,Abdul Samad Farooq,"October 28, 2001, Kala Kot, Jammu & Kashmir",24y 250d,India,Batter,-,2020/21,IPL 2020/21,SRH,12,8,3,111,33,22.20,65,170.76,0,0,8,6,5,0,1,13.71,42,1/41,1/41,96.00,42.0,0,0,0,,,,
600498,Aiden Kyle Markram,"October 04, 1994, Centurion",31y 274d,South Africa,Middle order Batter,2017 - 2026,2026,IPL 2026,LSG,12,11,2,231,45,25.66,167,138.32,0,0,20,11,8,0,0,13.83,36,-,-,-,-,0,0,0,"March 22, 2019","March 04, 2026","October 22, 2017","December 06, 2025"
600498,Aiden Kyle Markram,"October 04, 1994, Centurion",31y 274d,South Africa,Middle order Batter,2017 - 2026,2025,IPL 2025,LSG,13,13,0,445,66,34.23,299,148.82,0,5,38,22,7,0,4,9.27,66,2/30,2/30,25.50,16.5,0,0,0,"March 22, 2019","March 04, 2026","October 22, 2017","December 06, 2025"
600498,Aiden Kyle Markram,"October 04, 1994, Centurion",31y 274d,South Africa,Middle order Batter,2017 - 2026,2024,IPL 2024,SRH,11,11,2,220,50,24.44,177,124.29,0,1,18,4,5,0,0,7.50,12,-,-,-,-,0,0,0,"March 22, 2019","March 04, 2026","October 22, 2017","December 06, 2025"
600498,Aiden Kyle Markram,"October 04, 1994, Centurion",31y 274d,South Africa,Middle order Batter,2017 - 2026,2023,IPL 2023,SRH,13,13,2,248,50,22.54,197,125.88,0,1,18,8,11,0,1,8.57,49,1/24,1/24,70.00,49.0,0,0,0,"March 22, 2019","March 04, 2026","October 22, 2017","December 06, 2025"
600498,Aiden Kyle Markram,"October 04, 1994, Centurion",31y 274d,South Africa,Middle order Batter,2017 - 2026,2022,IPL 2022,SRH,14,12,4,381,68*,47.62,274,139.05,0,3,25,19,6,0,1,10.66,36,1/8,1/8,64.00,36.0,0,0,0,"March 22, 2019","March 04, 2026","October 22, 2017","December 06, 2025"
600498,Aiden Kyle Markram,"October 04, 1994, Centurion",31y 274d,South Africa,Middle order Batter,2017 - 2026,2021,IPL 2021,PBKS,6,6,1,146,42,29.20,119,122.68,0,0,12,4,3,0,0,5.75,24,-,-,-,-,0,0,0,"March 22, 2019","March 04, 2026","October 22, 2017","December 06, 2025"
1176959,Akash Deep,"December 15, 1996, Dehri, (Rotas), Bihar",29y 202d,India,Bowler,2024 - 2025,2025,IPL 2025,LSG,6,2,1,6,6*,6.00,2,300.00,0,0,0,1,0,0,3,12.05,114,2/55,2/55,76.33,38.0,0,0,0,,,,
1176959,Akash Deep,"December 15, 1996, Dehri, (Rotas), Bihar",29y 202d,India,Bowler,2024 - 2025,2024,IPL 2024,RCB,1,1,1,2,2*,-,2,100.00,0,0,0,0,0,0,1,15.71,21,1/55,1/55,55.00,21.0,0,0,0,,,,
1176959,Akash Deep,"December 15, 1996, Dehri, (Rotas), Bihar",29y 202d,India,Bowler,2024 - 2025,2023,IPL 2023,RCB,2,1,0,17,17,17.00,8,212.50,0,0,2,1,1,0,1,11.80,30,1/29,1/29,59.00,30.0,0,0,0,,,,
1176959,Akash Deep,"December 15, 1996, Dehri, (Rotas), Bihar",29y 202d,India,Bowler,2024 - 2025,2022,IPL 2022,RCB,5,1,0,0,0,0.00,2,0.00,0,0,0,0,2,0,5,10.88,113,3/45,3/45,41.00,22.6,0,0,0,,,,
1175458,Akash Maharaj Singh,"April 26, 2002, Bharatpur, Rajasthan",24y 70d,India,Bowler,-,2026,IPL 2026,LSG,2,-,-,-,-,-,-,-,-,-,-,-,1,0,4,11.42,42,3/26,3/26,20.00,10.5,0,0,0,,,,
1175458,Akash Maharaj Singh,"April 26, 2002, Bharatpur, Rajasthan",24y 70d,India,Bowler,-,2025,IPL 2025,LSG,3,-,-,-,-,-,-,-,-,-,-,-,0,0,4,8.86,67,2/30,2/30,24.75,16.7,0,0,0,,,,
1175458,Akash Maharaj Singh,"April 26, 2002, Bharatpur, Rajasthan",24y 70d,India,Bowler,-,2023,IPL 2023,CSK,6,-,-,-,-,-,-,-,-,-,-,-,1,0,5,9.89,114,2/40,2/40,37.60,22.8,0,0,0,,,,
1175458,Akash Maharaj Singh,"April 26, 2002, Bharatpur, Rajasthan",24y 70d,India,Bowler,-,2021,IPL 2021,RR,1,-,-,-,-,-,-,-,-,-,-,-,0,0,0,9.75,24,-,-,-,-,0,0,0,,,,
1300795,Akshat Raghuwanshi,"September 15, 2003",22y 293d,India,Middle order Batter,-,2026,IPL 2026,LSG,3,2,0,29,18,14.50,25,115.99,0,0,1,1,1,0,-,-,-,-,-,-,-,-,-,-,,,,
31107,Amit Mishra,"November 24, 1982, Delhi",43y 223d,India,Bowler,2003 - 2017,2024,IPL 2024,LSG,1,-,-,-,-,-,-,-,-,-,-,-,0,0,1,10.00,12,1/20,1/20,20.00,12.0,0,0,0,"June 13, 2010","February 01, 2017","April 13, 2003","October 29, 2016"
31107,Amit Mishra,"November 24, 1982, Delhi",43y 223d,India,Bowler,2003 - 2017,2023,IPL 2023,LSG,7,1,0,19,19,19.00,30,63.33,0,0,2,0,2,0,7,7.84,114,2/21,2/21,21.28,16.2,0,0,0,"June 13, 2010","February 01, 2017","April 13, 2003","October 29, 2016"
31107,Amit Mishra,"November 24, 1982, Delhi",43y 223d,India,Bowler,2003 - 2017,2021,IPL 2021,DC,4,-,-,-,-,-,-,-,-,-,-,-,0,0,6,7.78,84,4/24,4/24,18.16,14.0,1,0,0,"June 13, 2010","February 01, 2017","April 13, 2003","October 29, 2016"
31107,Amit Mishra,"November 24, 1982, Delhi",43y 223d,India,Bowler,2003 - 2017,2020/21,IPL 2020/21,DC,3,-,-,-,-,-,-,-,-,-,-,-,1,0,3,7.20,60,2/35,2/35,24.00,20.0,0,0,0,"June 13, 2010","February 01, 2017","April 13, 2003","October 29, 2016"
31107,Amit Mishra,"November 24, 1982, Delhi",43y 223d,India,Bowler,2003 - 2017,2019,IPL 2019,DC,11,4,2,21,8,10.50,24,87.50,0,0,2,0,1,0,11,6.75,240,3/17,3/17,24.54,21.8,0,0,0,"June 13, 2010","February 01, 2017","April 13, 2003","October 29, 2016"
31107,Amit Mishra,"November 24, 1982, Delhi",43y 223d,India,Bowler,2003 - 2017,2018,IPL 2018,DC,10,1,1,1,1*,-,2,50.00,0,0,0,0,0,0,12,7.13,222,3/19,3/19,22.00,18.5,0,0,0,"June 13, 2010","February 01, 2017","April 13, 2003","October 29, 2016"
31107,Amit Mishra,"November 24, 1982, Delhi",43y 223d,India,Bowler,2003 - 2017,2017,IPL 2017,DC,14,6,5,49,13*,49.00,52,94.23,0,0,2,2,3,0,10,8.83,233,3/11,3/11,34.30,23.3,0,0,0,"June 13, 2010","February 01, 2017","April 13, 2003","October 29, 2016"
31107,Amit Mishra,"November 24, 1982, Delhi",43y 223d,India,Bowler,2003 - 2017,2016,IPL 2016,DC,14,2,0,4,3,2.00,14,28.57,0,0,0,0,3,0,13,7.47,276,4/11,4/11,26.46,21.2,1,0,0,"June 13, 2010","February 01, 2017","April 13, 2003","October 29, 2016"
31107,Amit Mishra,"November 24, 1982, Delhi",43y 223d,India,Bowler,2003 - 2017,2015,IPL 2015,DC,12,4,2,8,4,4.00,12,66.66,0,0,0,0,2,0,9,7.71,241,2/32,2/32,34.44,26.7,0,0,0,"June 13, 2010","February 01, 2017","April 13, 2003","October 29, 2016"
31107,Amit Mishra,"November 24, 1982, Delhi",43y 223d,India,Bowler,2003 - 2017,2014,IPL 2014,SRH,10,2,1,4,4*,4.00,7,57.14,0,0,0,0,0,0,7,9.06,225,2/23,2/23,48.57,32.1,0,0,0,"June 13, 2010","February 01, 2017","April 13, 2003","October 29, 2016"
31107,Amit Mishra,"November 24, 1982, Delhi",43y 223d,India,Bowler,2003 - 2017,2013,IPL 2013,SRH,17,8,2,89,30,14.83,96,92.70,0,0,9,0,2,0,21,6.35,372,4/19,4/19,18.76,17.7,1,0,0,"June 13, 2010","February 01, 2017","April 13, 2003","October 29, 2016"
31107,Amit Mishra,"November 24, 1982, Delhi",43y 223d,India,Bowler,2003 - 2017,2012,IPL 2012,DCH,14,5,2,16,8*,5.33,20,80.00,0,0,1,0,1,0,13,8.02,282,3/32,3/32,29.00,21.6,0,0,0,"June 13, 2010","February 01, 2017","April 13, 2003","October 29, 2016"
31107,Amit Mishra,"November 24, 1982, Delhi",43y 223d,India,Bowler,2003 - 2017,2011,IPL 2011,DCH,14,9,5,68,25*,17.00,49,138.77,0,0,9,1,2,0,19,6.71,320,4/9,4/9,18.84,16.8,1,0,0,"June 13, 2010","February 01, 2017","April 13, 2003","October 29, 2016"
31107,Amit Mishra,"November 24, 1982, Delhi",43y 223d,India,Bowler,2003 - 2017,2009/10,IPL 2009/10,DC,14,7,3,39,12,9.75,51,76.47,0,0,1,0,4,0,17,6.84,318,3/25,3/25,21.35,18.7,0,0,0,"June 13, 2010","February 01, 2017","April 13, 2003","October 29, 2016"
31107,Amit Mishra,"November 24, 1982, Delhi",43y 223d,India,Bowler,2003 - 2017,2009,IPL 2009,DC,11,5,2,26,13*,8.66,20,130.00,0,0,2,2,2,0,14,7.00,252,3/14,3/14,21.00,18.0,0,0,0,"June 13, 2010","February 01, 2017","April 13, 2003","October 29, 2016"
31107,Amit Mishra,"November 24, 1982, Delhi",43y 223d,India,Bowler,2003 - 2017,2007/08,IPL 2007/08,DC,6,3,0,37,31,12.33,42,88.09,0,0,3,0,0,0,11,6.90,120,5/17,5/17,12.54,10.9,0,1,0,"June 13, 2010","February 01, 2017","April 13, 2003","October 29, 2016"
459508,Andrew James Tye,"December 12, 1986, Perth, Western Australia",39y 205d,Australia,Bowler,2016 - 2021,2022,IPL 2022,LSG,3,-,-,-,-,-,-,-,-,-,-,-,1,0,2,9.72,66,2/40,2/40,53.50,33.0,0,0,0,"January 29, 2016","August 07, 2021","January 14, 2018","June 19, 2018"
459508,Andrew James Tye,"December 12, 1986, Perth, Western Australia",39y 205d,Australia,Bowler,2016 - 2021,2020/21,IPL 2020/21,RR,1,1,0,6,6,6.00,6,100.00,0,0,0,1,0,0,1,12.50,24,1/50,1/50,50.00,24.0,0,0,0,"January 29, 2016","August 07, 2021","January 14, 2018","June 19, 2018"
459508,Andrew James Tye,"December 12, 1986, Perth, Western Australia",39y 205d,Australia,Bowler,2016 - 2021,2019,IPL 2019,PBKS,6,1,1,0,0*,-,2,0.00,0,0,0,0,2,0,3,10.59,132,1/37,1/37,77.66,44.0,0,0,0,"January 29, 2016","August 07, 2021","January 14, 2018","June 19, 2018"
459508,Andrew James Tye,"December 12, 1986, Perth, Western Australia",39y 205d,Australia,Bowler,2016 - 2021,2018,IPL 2018,PBKS,14,8,2,32,14,5.33,38,84.21,0,0,2,1,5,0,24,8.00,336,4/16,4/16,18.66,14.0,3,0,0,"January 29, 2016","August 07, 2021","January 14, 2018","June 19, 2018"
459508,Andrew James Tye,"December 12, 1986, Perth, Western Australia",39y 205d,Australia,Bowler,2016 - 2021,2017,IPL 2017,GL,6,3,1,53,25,26.50,30,176.66,0,0,4,3,0,0,12,6.71,126,5/17,5/17,11.75,10.5,0,1,0,"January 29, 2016","August 07, 2021","January 14, 2018","June 19, 2018"
481979,Anrich Arno Nortje,"November 16, 1993",32y 231d,South Africa,Bowler,2019 - 2026,2026,IPL 2026,LSG,1,1,0,0,0,0.00,1,0.00,0,0,0,0,0,0,0,9.75,24,-,-,-,-,0,0,0,"September 18, 2019","March 01, 2026","March 03, 2019","September 09, 2023"
481979,Anrich Arno Nortje,"November 16, 1993",32y 231d,South Africa,Bowler,2019 - 2026,2025,IPL 2025,KKR,2,2,2,0,0*,-,0,-,0,0,0,0,1,0,1,11.85,42,1/23,1/23,83.00,42.0,0,0,0,"September 18, 2019","March 01, 2026","March 03, 2019","September 09, 2023"
481979,Anrich Arno Nortje,"November 16, 1993",32y 231d,South Africa,Bowler,2019 - 2026,2024,IPL 2024,DC,6,2,0,4,4,2.00,8,50.00,0,0,0,0,1,0,7,13.36,132,3/59,3/59,42.00,18.8,0,0,0,"September 18, 2019","March 01, 2026","March 03, 2019","September 09, 2023"
481979,Anrich Arno Nortje,"November 16, 1993",32y 231d,South Africa,Bowler,2019 - 2026,2023,IPL 2023,DC,10,7,4,37,23*,12.33,29,127.58,0,0,6,0,2,0,10,9.10,240,2/20,2/20,36.40,24.0,0,0,0,"September 18, 2019","March 01, 2026","March 03, 2019","September 09, 2023"
481979,Anrich Arno Nortje,"November 16, 1993",32y 231d,South Africa,Bowler,2019 - 2026,2022,IPL 2022,DC,6,1,1,1,1*,-,6,16.66,0,0,0,0,2,0,9,9.71,134,3/42,3/42,24.11,14.8,0,0,0,"September 18, 2019","March 01, 2026","March 03, 2019","September 09, 2023"
481979,Anrich Arno Nortje,"November 16, 1993",32y 231d,South Africa,Bowler,2019 - 2026,2021,IPL 2021,DC,8,-,-,-,-,-,-,-,-,-,-,-,1,0,12,6.16,182,2/12,2/12,15.58,15.1,0,0,0,"September 18, 2019","March 01, 2026","March 03, 2019","September 09, 2023"
481979,Anrich Arno Nortje,"November 16, 1993",32y 231d,South Africa,Bowler,2019 - 2026,2020/21,IPL 2020/21,DC,16,5,4,7,3*,7.00,6,116.66,0,0,0,0,4,0,22,8.39,366,3/33,3/33,23.27,16.6,0,0,0,"September 18, 2019","March 01, 2026","March 03, 2019","September 09, 2023"
1148776,Arjun Sachin Tendulkar,"September 24, 1999, Mumbai",26y 284d,India,Bowler,-,2026,IPL 2026,LSG,1,1,1,5,5*,-,5,100.00,0,0,0,0,1,0,1,9.00,24,1/36,1/36,36.00,24.0,0,0,0,,,,
1148776,Arjun Sachin Tendulkar,"September 24, 1999, Mumbai",26y 284d,India,Bowler,-,2024,IPL 2024,MI,1,-,-,-,-,-,-,-,-,-,-,-,0,0,0,9.42,14,-,-,-,-,0,0,0,,,,
1148776,Arjun Sachin Tendulkar,"September 24, 1999, Mumbai",26y 284d,India,Bowler,-,2023,IPL 2023,MI,4,1,0,13,13,13.00,9,144.44,0,0,0,1,0,0,3,9.35,59,1/9,1/9,30.66,19.6,0,0,0,,,,
1244751,Mohd Arshad Khan,"December 20, 1997, Gopalganj (Seoni)",28y 197d,India,Bowler,-,2026,IPL 2026,GT,8,2,1,23,15,23.00,11,209.09,0,0,1,2,2,0,6,9.92,104,3/22,3/22,28.66,17.3,0,0,0,,,,
1244751,Mohd Arshad Khan,"December 20, 1997, Gopalganj (Seoni)",28y 197d,India,Bowler,-,2025,IPL 2025,GT,9,5,3,23,20,11.50,19,121.05,0,0,0,3,4,0,6,10.33,126,1/7,1/7,36.16,21.0,0,0,0,,,,
1244751,Mohd Arshad Khan,"December 20, 1997, Gopalganj (Seoni)",28y 197d,India,Bowler,-,2024,IPL 2024,LSG,4,4,2,83,58*,41.50,54,153.70,0,1,6,5,1,0,1,11.21,61,1/45,1/45,114.00,61.0,0,0,0,,,,
1244751,Mohd Arshad Khan,"December 20, 1997, Gopalganj (Seoni)",28y 197d,India,Bowler,-,2023,IPL 2023,MI,6,3,1,18,15*,9.00,15,120.00,0,0,0,1,2,0,5,13.41,85,3/39,3/39,38.00,17.0,0,0,0,,,,
1403153,Arshin Atul Kulkarni,"February 15, 2005, Solapur, Maharashtra",21y 140d,India,Allrounder,-,2026,IPL 2026,LSG,2,2,0,17,17,8.50,25,68.00,0,0,1,0,0,0,-,-,-,-,-,-,-,-,-,-,,,,
1403153,Arshin Atul Kulkarni,"February 15, 2005, Solapur, Maharashtra",21y 140d,India,Allrounder,-,2024,IPL 2024,LSG,2,2,0,9,9,4.50,8,112.50,0,0,2,0,0,0,-,-,-,-,-,-,-,-,-,-,,,,
500268,Ashton James Turner,"January 25, 1993, Perth",33y 161d,Australia,Middle order Batter,2017 - 2023,2024,IPL 2024,LSG,2,2,0,21,16,10.50,18,116.66,0,0,0,2,0,0,-,-,-,-,-,-,-,-,-,-,"February 17, 2017","September 03, 2023","March 02, 2019","July 26, 2021"
500268,Ashton James Turner,"January 25, 1993, Perth",33y 161d,Australia,Middle order Batter,2017 - 2023,2019,IPL 2019,RR,4,4,1,3,3*,1.00,10,30.00,0,0,0,0,0,0,-,-,-,-,-,-,-,-,-,-,"February 17, 2017","September 03, 2023","March 02, 2019","July 26, 2021"
694211,Avesh Khan,"December 13, 1996, Indore, Madhya Pradesh",29y 204d,India,Bowler,2022 - 2024,2026,IPL 2026,LSG,7,4,3,6,4*,6.00,6,100.00,0,0,1,0,2,0,6,11.06,148,2/23,2/23,45.50,24.6,0,0,0,"February 20, 2022","November 10, 2024","July 24, 2022","December 21, 2023"
694211,Avesh Khan,"December 13, 1996, Indore, Madhya Pradesh",29y 204d,India,Bowler,2022 - 2024,2025,IPL 2025,LSG,13,4,3,21,19*,21.00,12,175.00,0,0,3,1,2,0,13,10.28,284,3/37,3/37,37.46,21.8,0,0,0,"February 20, 2022","November 10, 2024","July 24, 2022","December 21, 2023"
694211,Avesh Khan,"December 13, 1996, Indore, Madhya Pradesh",29y 204d,India,Bowler,2022 - 2024,2024,IPL 2024,RR,16,3,3,10,7*,-,5,200.00,0,0,1,0,2,0,19,9.59,329,3/27,3/27,27.68,17.3,0,0,0,"February 20, 2022","November 10, 2024","July 24, 2022","December 21, 2023"
694211,Avesh Khan,"December 13, 1996, Indore, Madhya Pradesh",29y 204d,India,Bowler,2022 - 2024,2023,IPL 2023,LSG,9,1,1,0,0*,-,1,0.00,0,0,0,0,2,0,8,9.75,174,3/25,3/25,35.37,21.7,0,0,0,"February 20, 2022","November 10, 2024","July 24, 2022","December 21, 2023"
694211,Avesh Khan,"December 13, 1996, Indore, Madhya Pradesh",29y 204d,India,Bowler,2022 - 2024,2022,IPL 2022,LSG,13,4,3,22,12,22.00,13,169.23,0,0,0,3,2,0,18,8.72,286,4/24,4/24,23.11,15.8,1,0,0,"February 20, 2022","November 10, 2024","July 24, 2022","December 21, 2023"
694211,Avesh Khan,"December 13, 1996, Indore, Madhya Pradesh",29y 204d,India,Bowler,2022 - 2024,2021,IPL 2021,DC,16,1,0,5,5,5.00,3,166.66,0,0,1,0,1,0,24,7.37,366,3/13,3/13,18.75,15.2,0,0,0,"February 20, 2022","November 10, 2024","July 24, 2022","December 21, 2023"
694211,Avesh Khan,"December 13, 1996, Indore, Madhya Pradesh",29y 204d,India,Bowler,2022 - 2024,2020/21,IPL 2020/21,DC,1,-,-,-,-,-,-,-,-,-,-,-,0,0,0,10.50,24,-,-,-,-,0,0,0,"February 20, 2022","November 10, 2024","July 24, 2022","December 21, 2023"
694211,Avesh Khan,"December 13, 1996, Indore, Madhya Pradesh",29y 204d,India,Bowler,2022 - 2024,2019,IPL 2019,DC,1,1,1,4,4*,-,3,133.33,0,0,1,0,1,0,0,10.00,18,-,-,-,-,0,0,0,"February 20, 2022","November 10, 2024","July 24, 2022","December 21, 2023"
694211,Avesh Khan,"December 13, 1996, Indore, Madhya Pradesh",29y 204d,India,Bowler,2022 - 2024,2018,IPL 2018,DC,6,-,-,-,-,-,-,-,-,-,-,-,3,0,4,10.73,114,2/29,2/29,51.00,28.5,0,0,0,"February 20, 2022","November 10, 2024","July 24, 2022","December 21, 2023"
694211,Avesh Khan,"December 13, 1996, Indore, Madhya Pradesh",29y 204d,India,Bowler,2022 - 2024,2017,IPL 2017,RCB,1,-,-,-,-,-,-,-,-,-,-,-,0,0,1,5.75,24,1/23,1/23,23.00,24.0,0,0,0,"February 20, 2022","November 10, 2024","July 24, 2022","December 21, 2023"
1151270,Ayush Badoni,"December 03, 1999, Delhi",26y 214d,India,Batter,-,2026,IPL 2026,LSG,10,10,0,215,54,21.50,141,152.48,0,1,23,9,1,0,0,14.00,6,-,-,-,-,0,0,0,,,,
1151270,Ayush Badoni,"December 03, 1999, Delhi",26y 214d,India,Batter,-,2025,IPL 2025,LSG,14,11,1,329,74,32.90,222,148.19,0,2,27,14,4,0,2,7.80,10,2/4,2/4,6.50,5.0,0,0,0,,,,
1151270,Ayush Badoni,"December 03, 1999, Delhi",26y 214d,India,Batter,-,2024,IPL 2024,LSG,14,12,4,235,55*,29.37,171,137.42,0,2,22,5,3,0,0,12.50,12,-,-,-,-,0,0,0,,,,
1151270,Ayush Badoni,"December 03, 1999, Delhi",26y 214d,India,Batter,-,2023,IPL 2023,LSG,15,12,2,238,59*,23.80,172,138.37,0,1,13,12,2,0,0,0.00,1,-,-,-,-,0,0,0,,,,
1151270,Ayush Badoni,"December 03, 1999, Delhi",26y 214d,India,Batter,-,2022,IPL 2022,LSG,13,11,3,161,54,20.12,130,123.84,0,1,11,7,9,0,2,5.50,12,1/5,1/5,5.50,6.0,0,0,0,,,,
321777,David Andrew Miller,"June 10, 1989, Pietermaritzburg, Natal",37y 25d,South Africa,Middle order Batter,2010 - 2026,2026,IPL 2026,DC,11,10,4,211,51,35.16,137,154.01,0,1,15,14,7,0,-,-,-,-,-,-,-,-,-,-,"May 20, 2010","March 04, 2026","May 22, 2010","March 05, 2025"
321777,David Andrew Miller,"June 10, 1989, Pietermaritzburg, Natal",37y 25d,South Africa,Middle order Batter,2010 - 2026,2025,IPL 2025,LSG,11,11,6,153,27*,30.60,120,127.49,0,0,13,4,5,0,-,-,-,-,-,-,-,-,-,-,"May 20, 2010","March 04, 2026","May 22, 2010","March 05, 2025"
321777,David Andrew Miller,"June 10, 1989, Pietermaritzburg, Natal",37y 25d,South Africa,Middle order Batter,2010 - 2026,2024,IPL 2024,GT,9,9,3,210,55,35.00,139,151.07,0,1,20,8,5,0,-,-,-,-,-,-,-,-,-,-,"May 20, 2010","March 04, 2026","May 22, 2010","March 05, 2025"
321777,David Andrew Miller,"June 10, 1989, Pietermaritzburg, Natal",37y 25d,South Africa,Middle order Batter,2010 - 2026,2023,IPL 2023,GT,16,13,5,259,46,32.37,178,145.50,0,0,18,13,11,0,-,-,-,-,-,-,-,-,-,-,"May 20, 2010","March 04, 2026","May 22, 2010","March 05, 2025"
321777,David Andrew Miller,"June 10, 1989, Pietermaritzburg, Natal",37y 25d,South Africa,Middle order Batter,2010 - 2026,2022,IPL 2022,GT,16,16,9,481,94*,68.71,337,142.72,0,2,32,23,6,0,-,-,-,-,-,-,-,-,-,-,"May 20, 2010","March 04, 2026","May 22, 2010","March 05, 2025"
321777,David Andrew Miller,"June 10, 1989, Pietermaritzburg, Natal",37y 25d,South Africa,Middle order Batter,2010 - 2026,2021,IPL 2021,RR,9,8,3,124,62,24.80,113,109.73,0,1,11,3,4,0,-,-,-,-,-,-,-,-,-,-,"May 20, 2010","March 04, 2026","May 22, 2010","March 05, 2025"
321777,David Andrew Miller,"June 10, 1989, Pietermaritzburg, Natal",37y 25d,South Africa,Middle order Batter,2010 - 2026,2020/21,IPL 2020/21,RR,1,1,0,0,0,0.00,0,-,0,0,0,0,0,0,-,-,-,-,-,-,-,-,-,-,"May 20, 2010","March 04, 2026","May 22, 2010","March 05, 2025"
321777,David Andrew Miller,"June 10, 1989, Pietermaritzburg, Natal",37y 25d,South Africa,Middle order Batter,2010 - 2026,2019,IPL 2019,PBKS,10,10,2,213,59*,26.62,164,129.87,0,1,19,7,7,0,-,-,-,-,-,-,-,-,-,-,"May 20, 2010","March 04, 2026","May 22, 2010","March 05, 2025"
321777,David Andrew Miller,"June 10, 1989, Pietermaritzburg, Natal",37y 25d,South Africa,Middle order Batter,2010 - 2026,2018,IPL 2018,PBKS,3,3,1,74,26,37.00,64,115.62,0,0,3,2,0,0,-,-,-,-,-,-,-,-,-,-,"May 20, 2010","March 04, 2026","May 22, 2010","March 05, 2025"
321777,David Andrew Miller,"June 10, 1989, Pietermaritzburg, Natal",37y 25d,South Africa,Middle order Batter,2010 - 2026,2017,IPL 2017,PBKS,5,4,1,83,30*,27.66,80,103.75,0,0,4,4,2,0,-,-,-,-,-,-,-,-,-,-,"May 20, 2010","March 04, 2026","May 22, 2010","March 05, 2025"
321777,David Andrew Miller,"June 10, 1989, Pietermaritzburg, Natal",37y 25d,South Africa,Middle order Batter,2010 - 2026,2016,IPL 2016,PBKS,14,13,3,161,31,16.10,131,122.90,0,0,11,4,10,0,-,-,-,-,-,-,-,-,-,-,"May 20, 2010","March 04, 2026","May 22, 2010","March 05, 2025"
321777,David Andrew Miller,"June 10, 1989, Pietermaritzburg, Natal",37y 25d,South Africa,Middle order Batter,2010 - 2026,2015,IPL 2015,PBKS,13,13,2,357,89*,32.45,266,134.21,0,2,21,21,7,0,-,-,-,-,-,-,-,-,-,-,"May 20, 2010","March 04, 2026","May 22, 2010","March 05, 2025"
321777,David Andrew Miller,"June 10, 1989, Pietermaritzburg, Natal",37y 25d,South Africa,Middle order Batter,2010 - 2026,2014,IPL 2014,PBKS,16,16,6,446,66,44.60,299,149.16,0,3,34,21,14,0,-,-,-,-,-,-,-,-,-,-,"May 20, 2010","March 04, 2026","May 22, 2010","March 05, 2025"
321777,David Andrew Miller,"June 10, 1989, Pietermaritzburg, Natal",37y 25d,South Africa,Middle order Batter,2010 - 2026,2013,IPL 2013,PBKS,12,12,5,418,101*,59.71,254,164.56,1,3,28,24,8,0,-,-,-,-,-,-,-,-,-,-,"May 20, 2010","March 04, 2026","May 22, 2010","March 05, 2025"
321777,David Andrew Miller,"June 10, 1989, Pietermaritzburg, Natal",37y 25d,South Africa,Middle order Batter,2010 - 2026,2012,IPL 2012,PBKS,6,6,3,98,34*,32.66,75,130.66,0,0,6,4,1,0,-,-,-,-,-,-,-,-,-,-,"May 20, 2010","March 04, 2026","May 22, 2010","March 05, 2025"
497121,Deepak Jagbir Hooda,"April 19, 1995, Rohtak",31y 77d,India,Allrounder,2022 - 2023,2025,IPL 2025,CSK,7,5,0,31,22,6.20,41,75.60,0,0,2,1,3,0,0,15.00,6,-,-,-,-,0,0,0,"February 24, 2022","February 01, 2023","February 06, 2022","November 30, 2022"
497121,Deepak Jagbir Hooda,"April 19, 1995, Rohtak",31y 77d,India,Allrounder,2022 - 2023,2024,IPL 2024,LSG,11,9,1,145,50,18.12,105,138.09,0,1,16,3,2,0,0,7.33,18,-,-,-,-,0,0,0,"February 24, 2022","February 01, 2023","February 06, 2022","November 30, 2022"
497121,Deepak Jagbir Hooda,"April 19, 1995, Rohtak",31y 77d,India,Allrounder,2022 - 2023,2023,IPL 2023,LSG,12,12,1,84,17,7.63,90,93.33,0,0,3,2,10,0,0,8.00,6,-,-,-,-,0,0,0,"February 24, 2022","February 01, 2023","February 06, 2022","November 30, 2022"
497121,Deepak Jagbir Hooda,"April 19, 1995, Rohtak",31y 77d,India,Allrounder,2022 - 2023,2022,IPL 2022,LSG,15,14,0,451,59,32.21,330,136.66,0,4,36,18,8,0,1,10.75,24,1/31,1/31,43.00,24.0,0,0,0,"February 24, 2022","February 01, 2023","February 06, 2022","November 30, 2022"
497121,Deepak Jagbir Hooda,"April 19, 1995, Rohtak",31y 77d,India,Allrounder,2022 - 2023,2021,IPL 2021,PBKS,12,11,1,160,64,16.00,123,130.08,0,1,9,9,7,0,2,8.50,96,1/15,1/15,68.00,48.0,0,0,0,"February 24, 2022","February 01, 2023","February 06, 2022","November 30, 2022"
497121,Deepak Jagbir Hooda,"April 19, 1995, Rohtak",31y 77d,India,Allrounder,2022 - 2023,2020/21,IPL 2020/21,PBKS,7,5,4,101,62*,101.00,71,142.25,0,1,5,5,3,0,0,9.00,6,-,-,-,-,0,0,0,"February 24, 2022","February 01, 2023","February 06, 2022","November 30, 2022"
497121,Deepak Jagbir Hooda,"April 19, 1995, Rohtak",31y 77d,India,Allrounder,2022 - 2023,2019,IPL 2019,SRH,11,7,1,64,20,10.66,63,101.58,0,0,5,1,10,0,1,10.50,12,1/13,1/13,21.00,12.0,0,0,0,"February 24, 2022","February 01, 2023","February 06, 2022","November 30, 2022"
497121,Deepak Jagbir Hooda,"April 19, 1995, Rohtak",31y 77d,India,Allrounder,2022 - 2023,2018,IPL 2018,SRH,9,8,4,87,32*,21.75,81,107.40,0,0,2,3,3,0,0,8.00,18,-,-,-,-,0,0,0,"February 24, 2022","February 01, 2023","February 06, 2022","November 30, 2022"
497121,Deepak Jagbir Hooda,"April 19, 1995, Rohtak",31y 77d,India,Allrounder,2022 - 2023,2017,IPL 2017,SRH,10,6,3,78,19*,26.00,52,150.00,0,0,5,4,5,0,2,10.50,24,1/7,1/7,21.00,12.0,0,0,0,"February 24, 2022","February 01, 2023","February 06, 2022","November 30, 2022"
497121,Deepak Jagbir Hooda,"April 19, 1995, Rohtak",31y 77d,India,Allrounder,2022 - 2023,2016,IPL 2016,SRH,17,15,1,144,34,10.28,121,119.00,0,0,9,5,3,0,3,7.46,78,2/16,2/16,32.33,26.0,0,0,0,"February 24, 2022","February 01, 2023","February 06, 2022","November 30, 2022"
497121,Deepak Jagbir Hooda,"April 19, 1995, Rohtak",31y 77d,India,Allrounder,2022 - 2023,2015,IPL 2015,RR,14,9,0,151,54,16.77,95,158.94,0,1,6,11,1,0,1,8.50,91,1/35,1/35,129.00,91.0,0,0,0,"February 24, 2022","February 01, 2023","February 06, 2022","November 30, 2022"
1119026,Devdutt Padikkal,"July 07, 2000, Edapal, Kerala",25y 363d,India,Top order Batter,2021 - 2024,2026,IPL 2026,RCB,16,15,1,464,61,33.14,275,168.72,0,3,49,24,13,0,-,-,-,-,-,-,-,-,-,-,"July 28, 2021","July 29, 2021",,
1119026,Devdutt Padikkal,"July 07, 2000, Edapal, Kerala",25y 363d,India,Top order Batter,2021 - 2024,2025,IPL 2025,RCB,10,10,1,247,61,27.44,164,150.60,0,2,21,14,1,0,-,-,-,-,-,-,-,-,-,-,"July 28, 2021","July 29, 2021",,
1119026,Devdutt Padikkal,"July 07, 2000, Edapal, Kerala",25y 363d,India,Top order Batter,2021 - 2024,2024,IPL 2024,LSG,7,7,0,38,13,5.42,53,71.69,0,0,3,0,3,0,-,-,-,-,-,-,-,-,-,-,"July 28, 2021","July 29, 2021",,
1119026,Devdutt Padikkal,"July 07, 2000, Edapal, Kerala",25y 363d,India,Top order Batter,2021 - 2024,2023,IPL 2023,RR,11,11,1,261,52,26.10,200,130.50,0,2,31,6,4,0,-,-,-,-,-,-,-,-,-,-,"July 28, 2021","July 29, 2021",,
1119026,Devdutt Padikkal,"July 07, 2000, Edapal, Kerala",25y 363d,India,Top order Batter,2021 - 2024,2022,IPL 2022,RR,17,17,0,376,54,22.11,306,122.87,0,1,40,14,5,0,-,-,-,-,-,-,-,-,-,-,"July 28, 2021","July 29, 2021",,
1119026,Devdutt Padikkal,"July 07, 2000, Edapal, Kerala",25y 363d,India,Top order Batter,2021 - 2024,2021,IPL 2021,RCB,14,14,1,411,101*,31.61,328,125.30,1,1,44,14,7,0,-,-,-,-,-,-,-,-,-,-,"July 28, 2021","July 29, 2021",,
1119026,Devdutt Padikkal,"July 07, 2000, Edapal, Kerala",25y 363d,India,Top order Batter,2021 - 2024,2020/21,IPL 2020/21,RCB,15,15,0,473,74,31.53,379,124.80,0,5,51,8,8,0,-,-,-,-,-,-,-,-,-,-,"July 28, 2021","July 29, 2021",,
1460529,Digvesh Singh Rathi,"December 15, 1999, Delhi",26y 202d,India,Bowler,-,2026,IPL 2026,LSG,10,2,2,2,2*,-,5,40.00,0,0,0,0,4,0,5,10.17,234,2/45,2/45,79.40,46.8,0,0,0,,,,
1460529,Digvesh Singh Rathi,"December 15, 1999, Delhi",26y 202d,India,Bowler,-,2025,IPL 2025,LSG,13,2,1,1,1,1.00,3,33.33,0,0,0,0,3,0,14,8.25,312,2/30,2/30,30.64,22.2,0,0,0,,,,
552152,Pathira Vasan Dushmantha Chameera,"January 11, 1992, Ragama",34y 175d,Sri Lanka,Bowler,2015 - 2026,2026,IPL 2026,DC,1,1,1,0,0*,-,3,0.00,0,0,0,0,0,0,0,9.00,12,-,-,-,-,0,0,0,"November 09, 2015","June 14, 2026","January 29, 2015","June 06, 2026"
552152,Pathira Vasan Dushmantha Chameera,"January 11, 1992, Ragama",34y 175d,Sri Lanka,Bowler,2015 - 2026,2025,IPL 2025,DC,6,3,3,10,8*,-,14,71.42,0,0,0,0,1,0,4,11.40,90,1/24,1/24,42.75,22.5,0,0,0,"November 09, 2015","June 14, 2026","January 29, 2015","June 06, 2026"
552152,Pathira Vasan Dushmantha Chameera,"January 11, 1992, Ragama",34y 175d,Sri Lanka,Bowler,2015 - 2026,2024,IPL 2024,KKR,1,-,-,-,-,-,-,-,-,-,-,-,0,0,0,16.00,18,-,-,-,-,0,0,0,"November 09, 2015","June 14, 2026","January 29, 2015","June 06, 2026"
552152,Pathira Vasan Dushmantha Chameera,"January 11, 1992, Ragama",34y 175d,Sri Lanka,Bowler,2015 - 2026,2022,IPL 2022,LSG,12,8,4,43,17,10.75,28,153.57,0,0,3,3,2,0,9,8.72,264,2/17,2/17,42.66,29.3,0,0,0,"November 09, 2015","June 14, 2026","January 29, 2015","June 06, 2026"
431901,Evin Lewis,"December 27, 1991, Port of Spain, Trinidad",34y 190d,West Indies,Opening Batter,2016 - 2026,2022,IPL 2022,LSG,6,5,2,73,55*,24.33,56,130.35,0,1,8,3,3,0,-,-,-,-,-,-,-,-,-,-,"March 27, 2016","January 21, 2026","October 05, 2016","August 12, 2025"
431901,Evin Lewis,"December 27, 1991, Port of Spain, Trinidad",34y 190d,West Indies,Opening Batter,2016 - 2026,2021,IPL 2021,RR,5,5,0,151,58,30.20,93,162.36,0,1,18,7,0,0,-,-,-,-,-,-,-,-,-,-,"March 27, 2016","January 21, 2026","October 05, 2016","August 12, 2025"
431901,Evin Lewis,"December 27, 1991, Port of Spain, Trinidad",34y 190d,West Indies,Opening Batter,2016 - 2026,2019,IPL 2019,MI,3,3,0,48,32,16.00,52,92.30,0,0,4,2,3,0,-,-,-,-,-,-,-,-,-,-,"March 27, 2016","January 21, 2026","October 05, 2016","August 12, 2025"
431901,Evin Lewis,"December 27, 1991, Port of Spain, Trinidad",34y 190d,West Indies,Opening Batter,2016 - 2026,2018,IPL 2018,MI,13,13,0,382,65,29.38,276,138.40,0,2,32,24,3,0,-,-,-,-,-,-,-,-,-,-,"March 27, 2016","January 21, 2026","October 05, 2016","August 12, 2025"
481875,George Fredrik Linde,"December 04, 1991, Cape Town",34y 213d,South Africa,Allrounder,2019 - 2026,2026,IPL 2026,LSG,3,3,0,31,16,10.33,21,147.61,0,0,6,0,0,0,1,8.91,37,1/18,1/18,55.00,37.0,0,0,0,"November 27, 2020","March 25, 2026","September 04, 2021","November 06, 2025"
805235,Himmat Singh,"November 08, 1996, Delhi",29y 239d,India,Batter,-,2026,IPL 2026,LSG,6,5,2,92,40*,30.66,69,133.33,0,0,5,5,0,0,-,-,-,-,-,-,-,-,-,-,,,,
805235,Himmat Singh,"November 08, 1996, Delhi",29y 239d,India,Batter,-,2025,IPL 2025,LSG,3,-,-,-,-,-,-,-,-,-,-,-,1,0,-,-,-,-,-,-,-,-,-,-,,,,
391485,Jason Omar Holder,"November 05, 1991, Barbados",34y 242d,West Indies,Bowling Allrounder,2013 - 2026,2026,IPL 2026,GT,11,7,2,65,23*,13.00,52,125.00,0,0,3,3,8,0,17,7.56,230,4/24,4/24,17.05,13.5,1,0,0,"January 15, 2014","June 14, 2026","February 01, 2013","July 01, 2023"
391485,Jason Omar Holder,"November 05, 1991, Barbados",34y 242d,West Indies,Bowling Allrounder,2013 - 2026,2023,IPL 2023,RR,8,3,1,12,11,6.00,11,109.09,0,0,0,1,3,0,4,9.96,171,2/29,2/29,71.00,42.7,0,0,0,"January 15, 2014","June 14, 2026","February 01, 2013","July 01, 2023"
391485,Jason Omar Holder,"November 05, 1991, Barbados",34y 242d,West Indies,Bowling Allrounder,2013 - 2026,2022,IPL 2022,LSG,12,8,2,58,16,9.66,44,131.81,0,0,2,6,4,0,14,9.42,249,3/31,3/31,27.92,17.7,0,0,0,"January 15, 2014","June 14, 2026","February 01, 2013","July 01, 2023"
391485,Jason Omar Holder,"November 05, 1991, Barbados",34y 242d,West Indies,Bowling Allrounder,2013 - 2026,2021,IPL 2021,SRH,8,7,1,85,47*,14.16,72,118.05,0,0,2,6,2,0,16,7.75,191,4/52,4/52,15.43,11.9,1,0,0,"January 15, 2014","June 14, 2026","February 01, 2013","July 01, 2023"
391485,Jason Omar Holder,"November 05, 1991, Barbados",34y 242d,West Indies,Bowling Allrounder,2013 - 2026,2020/21,IPL 2020/21,SRH,7,4,2,66,26*,33.00,53,124.52,0,0,5,3,0,0,14,8.32,168,3/25,3/25,16.64,12.0,0,0,0,"January 15, 2014","June 14, 2026","February 01, 2013","July 01, 2023"
391485,Jason Omar Holder,"November 05, 1991, Barbados",34y 242d,West Indies,Bowling Allrounder,2013 - 2026,2016,IPL 2016,KKR,4,4,0,22,13,5.50,19,115.78,0,0,2,1,0,0,2,7.92,78,2/33,2/33,51.50,39.0,0,0,0,"January 15, 2014","June 14, 2026","February 01, 2013","July 01, 2023"
391485,Jason Omar Holder,"November 05, 1991, Barbados",34y 242d,West Indies,Bowling Allrounder,2013 - 2026,2014,IPL 2014,SRH,1,1,0,16,16,16.00,12,133.33,0,0,2,1,2,0,1,11.66,18,1/35,1/35,35.00,18.0,0,0,0,"January 15, 2014","June 14, 2026","February 01, 2013","July 01, 2023"
391485,Jason Omar Holder,"November 05, 1991, Barbados",34y 242d,West Indies,Bowling Allrounder,2013 - 2026,2013,IPL 2013,CSK,6,-,-,-,-,-,-,-,-,-,-,-,3,0,2,8.40,120,2/20,2/20,84.00,60.0,0,0,0,"January 15, 2014","June 14, 2026","February 01, 2013","July 01, 2023"
390484,Jaydev Dipakbhai Unadkat,"October 18, 1991, Porbandar",34y 260d,India,Bowler,2010 - 2023,2026,IPL 2026,SRH,4,1,1,4,4*,-,3,133.33,0,0,0,0,3,0,4,10.90,77,3/21,3/21,35.00,19.2,0,0,0,"June 18, 2016","March 18, 2018","July 24, 2013","August 01, 2023"
390484,Jaydev Dipakbhai Unadkat,"October 18, 1991, Porbandar",34y 260d,India,Bowler,2010 - 2023,2025,IPL 2025,SRH,7,-,-,-,-,-,-,-,-,-,-,-,2,0,11,7.34,143,3/24,3/24,15.90,13.0,0,0,0,"June 18, 2016","March 18, 2018","July 24, 2013","August 01, 2023"
390484,Jaydev Dipakbhai Unadkat,"October 18, 1991, Porbandar",34y 260d,India,Bowler,2010 - 2023,2024,IPL 2024,SRH,11,5,2,24,8*,8.00,26,92.30,0,0,2,1,0,0,8,10.23,187,3/30,3/30,39.87,23.3,0,0,0,"June 18, 2016","March 18, 2018","July 24, 2013","August 01, 2023"
390484,Jaydev Dipakbhai Unadkat,"October 18, 1991, Porbandar",34y 260d,India,Bowler,2010 - 2023,2023,IPL 2023,LSG,3,1,0,9,9,9.00,7,128.57,0,0,1,0,0,0,0,11.50,48,-,-,-,-,0,0,0,"June 18, 2016","March 18, 2018","July 24, 2013","August 01, 2023"
390484,Jaydev Dipakbhai Unadkat,"October 18, 1991, Porbandar",34y 260d,India,Bowler,2010 - 2023,2022,IPL 2022,MI,5,5,2,59,19*,19.66,37,159.45,0,0,4,3,1,0,6,9.50,120,2/32,2/32,31.66,20.0,0,0,0,"June 18, 2016","March 18, 2018","July 24, 2013","August 01, 2023"
390484,Jaydev Dipakbhai Unadkat,"October 18, 1991, Porbandar",34y 260d,India,Bowler,2010 - 2023,2021,IPL 2021,RR,6,3,1,41,24,20.50,29,141.37,0,0,3,2,1,0,4,7.63,132,3/15,3/15,42.00,33.0,0,0,0,"June 18, 2016","March 18, 2018","July 24, 2013","August 01, 2023"
390484,Jaydev Dipakbhai Unadkat,"October 18, 1991, Porbandar",34y 260d,India,Bowler,2010 - 2023,2020/21,IPL 2020/21,RR,7,1,0,9,9,9.00,13,69.23,0,0,0,0,1,0,4,9.91,138,2/32,2/32,57.00,34.5,0,0,0,"June 18, 2016","March 18, 2018","July 24, 2013","August 01, 2023"
390484,Jaydev Dipakbhai Unadkat,"October 18, 1991, Porbandar",34y 260d,India,Bowler,2010 - 2023,2019,IPL 2019,RR,11,4,3,1,1,1.00,3,33.33,0,0,0,0,3,0,10,10.66,224,2/26,2/26,39.80,22.4,0,0,0,"June 18, 2016","March 18, 2018","July 24, 2013","August 01, 2023"
390484,Jaydev Dipakbhai Unadkat,"October 18, 1991, Porbandar",34y 260d,India,Bowler,2010 - 2023,2018,IPL 2018,RR,15,7,3,49,26,12.25,38,128.94,0,0,6,1,6,0,11,9.65,302,3/46,3/46,44.18,27.4,0,0,0,"June 18, 2016","March 18, 2018","July 24, 2013","August 01, 2023"
390484,Jaydev Dipakbhai Unadkat,"October 18, 1991, Porbandar",34y 260d,India,Bowler,2010 - 2023,2017,IPL 2017,RPS,12,2,2,2,2*,-,5,40.00,0,0,0,0,9,0,24,7.02,275,5/30,5/30,13.41,11.4,0,1,0,"June 18, 2016","March 18, 2018","July 24, 2013","August 01, 2023"
390484,Jaydev Dipakbhai Unadkat,"October 18, 1991, Porbandar",34y 260d,India,Bowler,2010 - 2023,2016,IPL 2016,KKR,1,-,-,-,-,-,-,-,-,-,-,-,0,0,0,16.33,18,-,-,-,-,0,0,0,"June 18, 2016","March 18, 2018","July 24, 2013","August 01, 2023"
390484,Jaydev Dipakbhai Unadkat,"October 18, 1991, Porbandar",34y 260d,India,Bowler,2010 - 2023,2015,IPL 2015,DC,1,-,-,-,-,-,-,-,-,-,-,-,0,0,0,10.00,18,-,-,-,-,0,0,0,"June 18, 2016","March 18, 2018","July 24, 2013","August 01, 2023"
390484,Jaydev Dipakbhai Unadkat,"October 18, 1991, Porbandar",34y 260d,India,Bowler,2010 - 2023,2014,IPL 2014,DC,9,2,1,1,1*,1.00,6,16.66,0,0,0,0,0,0,9,8.66,187,3/32,3/32,30.00,20.7,0,0,0,"June 18, 2016","March 18, 2018","July 24, 2013","August 01, 2023"
390484,Jaydev Dipakbhai Unadkat,"October 18, 1991, Porbandar",34y 260d,India,Bowler,2010 - 2023,2013,IPL 2013,RCB,13,2,2,2,1*,-,2,100.00,0,0,0,0,1,0,13,7.55,294,5/25,5/25,28.46,22.6,0,1,0,"June 18, 2016","March 18, 2018","July 24, 2013","August 01, 2023"
390484,Jaydev Dipakbhai Unadkat,"October 18, 1991, Porbandar",34y 260d,India,Bowler,2010 - 2023,2012,IPL 2012,KKR,1,-,-,-,-,-,-,-,-,-,-,-,0,0,0,10.66,18,-,-,-,-,0,0,0,"June 18, 2016","March 18, 2018","July 24, 2013","August 01, 2023"
390484,Jaydev Dipakbhai Unadkat,"October 18, 1991, Porbandar",34y 260d,India,Bowler,2010 - 2023,2011,IPL 2011,KKR,7,-,-,-,-,-,-,-,-,-,-,-,2,0,6,8.33,108,2/25,2/25,25.00,18.0,0,0,0,"June 18, 2016","March 18, 2018","July 24, 2013","August 01, 2023"
390484,Jaydev Dipakbhai Unadkat,"October 18, 1991, Porbandar",34y 260d,India,Bowler,2010 - 2023,2009/10,IPL 2009/10,KKR,3,-,-,-,-,-,-,-,-,-,-,-,1,0,4,8.22,62,3/26,3/26,21.25,15.5,0,0,0,"June 18, 2016","March 18, 2018","July 24, 2013","August 01, 2023"
662235,Joshua Patrick Inglis,"March 04, 1995, Leeds, Yorkshire, England",31y 123d,Australia,Wicketkeeper Batter,2022 - 2026,2026,IPL 2026,LSG,5,5,0,266,85,53.20,143,186.01,0,3,32,12,1,0,-,-,-,-,-,-,-,-,-,-,"February 11, 2022","June 21, 2026","June 24, 2022","June 14, 2026"
662235,Joshua Patrick Inglis,"March 04, 1995, Leeds, Yorkshire, England",31y 123d,Australia,Wicketkeeper Batter,2022 - 2026,2025,IPL 2025,PBKS,11,11,2,278,73,30.88,171,162.57,0,1,26,16,9,1,-,-,-,-,-,-,-,-,-,-,"February 11, 2022","June 21, 2026","June 24, 2022","June 14, 2026"
1246518,Karan Sunny Sharma,"October 31, 1998, Delhi",27y 247d,India,Allrounder,-,2023,IPL 2023,LSG,2,2,0,12,9,6.00,21,57.14,0,0,0,0,0,0,-,-,-,-,-,-,-,-,-,-,,,,
1246518,Karan Sunny Sharma,"October 31, 1998, Delhi",27y 247d,India,Allrounder,-,2022,IPL 2022,LSG,1,1,0,4,4,4.00,4,100.00,0,0,1,0,0,0,-,-,-,-,-,-,-,-,-,-,,,,
422108,Kannaur Lokesh Rahul,"April 18, 1992, Bangalore, Karnataka",34y 78d,India,Wicketkeeper Batter,2014 - 2026,2026,IPL 2026,DC,14,14,1,593,152*,45.61,340,174.41,1,5,56,31,2,1,-,-,-,-,-,-,-,-,-,-,"June 18, 2016","November 10, 2022","June 11, 2016","June 17, 2026"
422108,Kannaur Lokesh Rahul,"April 18, 1992, Bangalore, Karnataka",34y 78d,India,Wicketkeeper Batter,2014 - 2026,2025,IPL 2025,DC,13,13,3,539,112*,53.90,360,149.72,1,3,52,21,3,0,-,-,-,-,-,-,-,-,-,-,"June 18, 2016","November 10, 2022","June 11, 2016","June 17, 2026"
422108,Kannaur Lokesh Rahul,"April 18, 1992, Bangalore, Karnataka",34y 78d,India,Wicketkeeper Batter,2014 - 2026,2024,IPL 2024,LSG,14,14,0,520,82,37.14,382,136.12,0,4,45,19,15,2,-,-,-,-,-,-,-,-,-,-,"June 18, 2016","November 10, 2022","June 11, 2016","June 17, 2026"
422108,Kannaur Lokesh Rahul,"April 18, 1992, Bangalore, Karnataka",34y 78d,India,Wicketkeeper Batter,2014 - 2026,2023,IPL 2023,LSG,9,9,1,274,74,34.25,242,113.22,0,2,28,4,4,0,-,-,-,-,-,-,-,-,-,-,"June 18, 2016","November 10, 2022","June 11, 2016","June 17, 2026"
422108,Kannaur Lokesh Rahul,"April 18, 1992, Bangalore, Karnataka",34y 78d,India,Wicketkeeper Batter,2014 - 2026,2022,IPL 2022,LSG,15,15,3,616,103*,51.33,455,135.38,2,4,45,30,9,0,-,-,-,-,-,-,-,-,-,-,"June 18, 2016","November 10, 2022","June 11, 2016","June 17, 2026"
422108,Kannaur Lokesh Rahul,"April 18, 1992, Bangalore, Karnataka",34y 78d,India,Wicketkeeper Batter,2014 - 2026,2021,IPL 2021,PBKS,13,13,3,626,98*,62.60,451,138.80,0,6,48,30,11,0,-,-,-,-,-,-,-,-,-,-,"June 18, 2016","November 10, 2022","June 11, 2016","June 17, 2026"
422108,Kannaur Lokesh Rahul,"April 18, 1992, Bangalore, Karnataka",34y 78d,India,Wicketkeeper Batter,2014 - 2026,2020/21,IPL 2020/21,PBKS,14,14,2,670,132*,55.83,518,129.34,1,5,58,23,10,0,-,-,-,-,-,-,-,-,-,-,"June 18, 2016","November 10, 2022","June 11, 2016","June 17, 2026"
422108,Kannaur Lokesh Rahul,"April 18, 1992, Bangalore, Karnataka",34y 78d,India,Wicketkeeper Batter,2014 - 2026,2019,IPL 2019,PBKS,14,14,3,593,100*,53.90,438,135.38,1,6,49,25,7,0,-,-,-,-,-,-,-,-,-,-,"June 18, 2016","November 10, 2022","June 11, 2016","June 17, 2026"
422108,Kannaur Lokesh Rahul,"April 18, 1992, Bangalore, Karnataka",34y 78d,India,Wicketkeeper Batter,2014 - 2026,2018,IPL 2018,PBKS,14,14,2,659,95*,54.91,416,158.41,0,6,66,32,10,1,-,-,-,-,-,-,-,-,-,-,"June 18, 2016","November 10, 2022","June 11, 2016","June 17, 2026"
422108,Kannaur Lokesh Rahul,"April 18, 1992, Bangalore, Karnataka",34y 78d,India,Wicketkeeper Batter,2014 - 2026,2016,IPL 2016,RCB,14,12,3,397,68*,44.11,271,146.49,0,4,37,16,5,4,-,-,-,-,-,-,-,-,-,-,"June 18, 2016","November 10, 2022","June 11, 2016","June 17, 2026"
422108,Kannaur Lokesh Rahul,"April 18, 1992, Bangalore, Karnataka",34y 78d,India,Wicketkeeper Batter,2014 - 2026,2015,IPL 2015,SRH,9,8,3,142,44*,28.40,126,112.69,0,0,8,5,1,0,-,-,-,-,-,-,-,-,-,-,"June 18, 2016","November 10, 2022","June 11, 2016","June 17, 2026"
422108,Kannaur Lokesh Rahul,"April 18, 1992, Bangalore, Karnataka",34y 78d,India,Wicketkeeper Batter,2014 - 2026,2014,IPL 2014,SRH,11,8,0,166,46,20.75,164,101.21,0,0,12,3,4,0,-,-,-,-,-,-,-,-,-,-,"June 18, 2016","November 10, 2022","June 11, 2016","June 17, 2026"
422108,Kannaur Lokesh Rahul,"April 18, 1992, Bangalore, Karnataka",34y 78d,India,Wicketkeeper Batter,2014 - 2026,2013,IPL 2013,RCB,5,2,0,20,12,10.00,16,125.00,0,0,4,0,2,0,-,-,-,-,-,-,-,-,-,-,"June 18, 2016","November 10, 2022","June 11, 2016","June 17, 2026"
424377,Krishnappa Gowtham,"October 20, 1988, Bangalore, Karnataka",37y 258d,India,Bowling Allrounder,2021 - 2021,2024,IPL 2024,LSG,1,-,-,-,-,-,-,-,-,-,-,-,0,0,0,14.50,12,-,-,-,-,0,0,0,,,"July 23, 2021","UP vs Karnataka  at Meerut - November 17 - 20, 2012"
424377,Krishnappa Gowtham,"October 20, 1988, Bangalore, Karnataka",37y 258d,India,Bowling Allrounder,2021 - 2021,2023,IPL 2023,LSG,7,7,3,61,23,15.25,37,164.86,0,0,2,5,5,0,3,7.37,96,1/10,1/10,39.33,32.0,0,0,0,,,"July 23, 2021","UP vs Karnataka  at Meerut - November 17 - 20, 2012"
424377,Krishnappa Gowtham,"October 20, 1988, Bangalore, Karnataka",37y 258d,India,Bowling Allrounder,2021 - 2021,2022,IPL 2022,LSG,4,1,0,0,0,0.00,1,0.00,0,0,0,0,2,0,5,8.25,72,2/30,2/30,19.80,14.4,0,0,0,,,"July 23, 2021","UP vs Karnataka  at Meerut - November 17 - 20, 2012"
424377,Krishnappa Gowtham,"October 20, 1988, Bangalore, Karnataka",37y 258d,India,Bowling Allrounder,2021 - 2021,2020/21,IPL 2020/21,PBKS,2,2,1,42,22*,42.00,27,155.55,0,0,3,2,0,0,1,10.50,48,1/45,1/45,84.00,48.0,0,0,0,,,"July 23, 2021","UP vs Karnataka  at Meerut - November 17 - 20, 2012"
424377,Krishnappa Gowtham,"October 20, 1988, Bangalore, Karnataka",37y 258d,India,Bowling Allrounder,2021 - 2021,2019,IPL 2019,RR,7,4,1,18,9,6.00,19,94.73,0,0,1,1,0,0,1,8.30,120,1/32,1/32,166.00,120.0,0,0,0,,,"July 23, 2021","UP vs Karnataka  at Meerut - November 17 - 20, 2012"
424377,Krishnappa Gowtham,"October 20, 1988, Bangalore, Karnataka",37y 258d,India,Bowling Allrounder,2021 - 2021,2018,IPL 2018,RR,15,13,4,126,33*,14.00,64,196.87,0,0,9,9,10,0,11,7.80,240,2/12,2/12,28.36,21.8,0,0,0,,,"July 23, 2021","UP vs Karnataka  at Meerut - November 17 - 20, 2012"
471342,Krunal Himanshu Pandya,"March 24, 1991, Ahmedabad, Gujarat",35y 103d,India,Allrounder,2018 - 2021,2026,IPL 2026,RCB,16,9,3,226,73,37.66,155,145.80,0,1,20,11,2,0,14,8.41,303,2/16,2/16,30.35,21.6,0,0,0,"November 04, 2018","July 25, 2021","March 23, 2021","July 20, 2021"
471342,Krunal Himanshu Pandya,"March 24, 1991, Ahmedabad, Gujarat",35y 103d,India,Allrounder,2018 - 2021,2025,IPL 2025,RCB,15,7,1,109,73*,18.16,86,126.74,0,1,9,4,6,0,17,8.23,276,4/45,4/45,22.29,16.2,1,0,0,"November 04, 2018","July 25, 2021","March 23, 2021","July 20, 2021"
471342,Krunal Himanshu Pandya,"March 24, 1991, Ahmedabad, Gujarat",35y 103d,India,Allrounder,2018 - 2021,2024,IPL 2024,LSG,14,12,8,133,43*,33.25,105,126.66,0,0,8,5,3,0,6,7.72,198,3/11,3/11,42.50,33.0,0,0,0,"November 04, 2018","July 25, 2021","March 23, 2021","July 20, 2021"
471342,Krunal Himanshu Pandya,"March 24, 1991, Ahmedabad, Gujarat",35y 103d,India,Allrounder,2018 - 2021,2023,IPL 2023,LSG,15,14,4,188,49*,18.80,165,113.93,0,0,15,6,8,0,9,7.45,252,3/18,3/18,34.77,28.0,0,0,0,"November 04, 2018","July 25, 2021","March 23, 2021","July 20, 2021"
471342,Krunal Himanshu Pandya,"March 24, 1991, Ahmedabad, Gujarat",35y 103d,India,Allrounder,2018 - 2021,2022,IPL 2022,LSG,14,13,4,183,42,20.33,145,126.20,0,0,16,4,7,0,10,6.97,228,3/19,3/19,26.50,22.8,0,0,0,"November 04, 2018","July 25, 2021","March 23, 2021","July 20, 2021"
471342,Krunal Himanshu Pandya,"March 24, 1991, Ahmedabad, Gujarat",35y 103d,India,Allrounder,2018 - 2021,2021,IPL 2021,MI,13,12,2,143,39,14.30,123,116.26,0,0,10,6,6,0,5,7.98,199,1/13,1/13,53.00,39.8,0,0,0,"November 04, 2018","July 25, 2021","March 23, 2021","July 20, 2021"
471342,Krunal Himanshu Pandya,"March 24, 1991, Ahmedabad, Gujarat",35y 103d,India,Allrounder,2018 - 2021,2020/21,IPL 2020/21,MI,16,12,6,109,34,18.16,92,118.47,0,0,9,5,4,0,6,7.57,301,2/26,2/26,63.33,50.1,0,0,0,"November 04, 2018","July 25, 2021","March 23, 2021","July 20, 2021"
471342,Krunal Himanshu Pandya,"March 24, 1991, Ahmedabad, Gujarat",35y 103d,India,Allrounder,2018 - 2021,2019,IPL 2019,MI,16,15,4,183,42,16.63,150,122.00,0,0,18,5,5,0,12,7.28,276,3/34,3/34,27.91,23.0,0,0,0,"November 04, 2018","July 25, 2021","March 23, 2021","July 20, 2021"
471342,Krunal Himanshu Pandya,"March 24, 1991, Ahmedabad, Gujarat",35y 103d,India,Allrounder,2018 - 2021,2018,IPL 2018,MI,14,13,3,228,41*,22.80,157,145.22,0,0,22,10,9,0,12,7.07,241,3/28,3/28,23.66,20.0,0,0,0,"November 04, 2018","July 25, 2021","March 23, 2021","July 20, 2021"
471342,Krunal Himanshu Pandya,"March 24, 1991, Ahmedabad, Gujarat",35y 103d,India,Allrounder,2018 - 2021,2017,IPL 2017,MI,13,11,4,243,47,34.71,179,135.75,0,0,24,7,2,0,10,6.82,240,3/14,3/14,27.30,24.0,0,0,0,"November 04, 2018","July 25, 2021","March 23, 2021","July 20, 2021"
471342,Krunal Himanshu Pandya,"March 24, 1991, Ahmedabad, Gujarat",35y 103d,India,Allrounder,2018 - 2021,2016,IPL 2016,MI,12,9,3,237,86,39.50,124,191.12,0,1,22,13,2,0,6,7.57,187,2/15,2/15,39.33,31.1,0,0,0,"November 04, 2018","July 25, 2021","March 23, 2021","July 20, 2021"
348056,Kyle Rico Mayers,"September 08, 1992, Barbados",33y 300d,West Indies,Batting Allrounder,2020 - 2025,2023,IPL 2023,LSG,13,13,0,379,73,29.15,263,144.10,0,4,38,22,2,0,0,8.42,42,-,-,-,-,0,0,0,"November 29, 2020","September 30, 2025","January 20, 2021","August 01, 2023"
532856,Manan Vohra,"July 18, 1993, Chandigarh, Punjab",32y 352d,India,Opening Batter,-,2023,IPL 2023,LSG,1,1,0,10,10,10.00,11,90.90,0,0,1,0,0,0,-,-,-,-,-,-,-,-,-,-,,,,
532856,Manan Vohra,"July 18, 1993, Chandigarh, Punjab",32y 352d,India,Opening Batter,-,2022,IPL 2022,LSG,2,1,0,19,19,19.00,11,172.72,0,0,1,2,0,0,-,-,-,-,-,-,-,-,-,-,,,,
532856,Manan Vohra,"July 18, 1993, Chandigarh, Punjab",32y 352d,India,Opening Batter,-,2021,IPL 2021,RR,4,4,0,42,14,10.50,39,107.69,0,0,5,2,0,0,-,-,-,-,-,-,-,-,-,-,,,,
532856,Manan Vohra,"July 18, 1993, Chandigarh, Punjab",32y 352d,India,Opening Batter,-,2018,IPL 2018,RCB,4,4,0,55,45,13.75,47,117.02,0,0,2,4,0,0,-,-,-,-,-,-,-,-,-,-,,,,
532856,Manan Vohra,"July 18, 1993, Chandigarh, Punjab",32y 352d,India,Opening Batter,-,2017,IPL 2017,PBKS,11,9,0,229,95,25.44,159,144.02,0,1,23,9,2,0,-,-,-,-,-,-,-,-,-,-,,,,
532856,Manan Vohra,"July 18, 1993, Chandigarh, Punjab",32y 352d,India,Opening Batter,-,2016,IPL 2016,PBKS,7,7,0,161,51,23.00,131,122.90,0,1,19,3,3,0,-,-,-,-,-,-,-,-,-,-,,,,
532856,Manan Vohra,"July 18, 1993, Chandigarh, Punjab",32y 352d,India,Opening Batter,-,2015,IPL 2015,PBKS,7,7,0,82,39,11.71,81,101.23,0,0,4,5,2,0,-,-,-,-,-,-,-,-,-,-,,,,
532856,Manan Vohra,"July 18, 1993, Chandigarh, Punjab",32y 352d,India,Opening Batter,-,2014,IPL 2014,PBKS,8,8,0,324,67,40.50,233,139.05,0,1,27,16,3,0,-,-,-,-,-,-,-,-,-,-,,,,
532856,Manan Vohra,"July 18, 1993, Chandigarh, Punjab",32y 352d,India,Opening Batter,-,2013,IPL 2013,PBKS,12,10,2,161,43*,20.12,117,137.60,0,0,22,2,3,0,-,-,-,-,-,-,-,-,-,-,,,,
1151286,Manimaran Siddharth,"July 03, 1998",28y 2d,India,Bowler,-,2026,IPL 2026,LSG,4,-,-,-,-,-,-,-,-,-,-,-,2,0,6,9.66,90,2/35,2/35,24.16,15.0,0,0,0,,,,
1151286,Manimaran Siddharth,"July 03, 1998",28y 2d,India,Bowler,-,2025,IPL 2025,LSG,2,-,-,-,-,-,-,-,-,-,-,-,1,0,2,9.57,42,2/39,2/39,33.50,21.0,0,0,0,,,,
1151286,Manimaran Siddharth,"July 03, 1998",28y 2d,India,Bowler,-,2024,IPL 2024,LSG,3,-,-,-,-,-,-,-,-,-,-,-,0,0,1,7.88,54,1/21,1/21,71.00,54.0,0,0,0,,,,
290630,Manish Krishnanand Pandey,"September 10, 1989, Nainital, Uttaranchal",36y 298d,India,Top order Batter,2015 - 2021,2026,IPL 2026,KKR,6,2,0,70,45,35.00,49,142.85,0,0,8,2,3,0,-,-,-,-,-,-,-,-,-,-,"July 17, 2015","December 04, 2020","July 14, 2015","July 23, 2021"
290630,Manish Krishnanand Pandey,"September 10, 1989, Nainital, Uttaranchal",36y 298d,India,Top order Batter,2015 - 2021,2025,IPL 2025,KKR,3,3,1,92,37,46.00,65,141.53,0,0,5,5,0,0,-,-,-,-,-,-,-,-,-,-,"July 17, 2015","December 04, 2020","July 14, 2015","July 23, 2021"
290630,Manish Krishnanand Pandey,"September 10, 1989, Nainital, Uttaranchal",36y 298d,India,Top order Batter,2015 - 2021,2024,IPL 2024,KKR,1,1,0,42,42,42.00,31,135.48,0,0,2,2,2,0,-,-,-,-,-,-,-,-,-,-,"July 17, 2015","December 04, 2020","July 14, 2015","July 23, 2021"
290630,Manish Krishnanand Pandey,"September 10, 1989, Nainital, Uttaranchal",36y 298d,India,Top order Batter,2015 - 2021,2023,IPL 2023,DC,10,9,0,160,50,17.77,146,109.58,0,1,15,3,3,0,-,-,-,-,-,-,-,-,-,-,"July 17, 2015","December 04, 2020","July 14, 2015","July 23, 2021"
290630,Manish Krishnanand Pandey,"September 10, 1989, Nainital, Uttaranchal",36y 298d,India,Top order Batter,2015 - 2021,2022,IPL 2022,LSG,6,6,0,88,38,14.66,80,110.00,0,0,9,2,3,0,-,-,-,-,-,-,-,-,-,-,"July 17, 2015","December 04, 2020","July 14, 2015","July 23, 2021"
290630,Manish Krishnanand Pandey,"September 10, 1989, Nainital, Uttaranchal",36y 298d,India,Top order Batter,2015 - 2021,2021,IPL 2021,SRH,8,8,2,292,69*,48.66,236,123.72,0,3,21,10,5,0,-,-,-,-,-,-,-,-,-,-,"July 17, 2015","December 04, 2020","July 14, 2015","July 23, 2021"
290630,Manish Krishnanand Pandey,"September 10, 1989, Nainital, Uttaranchal",36y 298d,India,Top order Batter,2015 - 2021,2020/21,IPL 2020/21,SRH,16,15,2,425,83*,32.69,333,127.62,0,3,35,18,7,0,-,-,-,-,-,-,-,-,-,-,"July 17, 2015","December 04, 2020","July 14, 2015","July 23, 2021"
290630,Manish Krishnanand Pandey,"September 10, 1989, Nainital, Uttaranchal",36y 298d,India,Top order Batter,2015 - 2021,2019,IPL 2019,SRH,12,11,3,344,83*,43.00,263,130.79,0,3,34,6,7,0,-,-,-,-,-,-,-,-,-,-,"July 17, 2015","December 04, 2020","July 14, 2015","July 23, 2021"
290630,Manish Krishnanand Pandey,"September 10, 1989, Nainital, Uttaranchal",36y 298d,India,Top order Batter,2015 - 2021,2018,IPL 2018,SRH,15,13,2,284,62*,25.81,246,115.44,0,3,22,5,9,0,-,-,-,-,-,-,-,-,-,-,"July 17, 2015","December 04, 2020","July 14, 2015","July 23, 2021"
290630,Manish Krishnanand Pandey,"September 10, 1989, Nainital, Uttaranchal",36y 298d,India,Top order Batter,2015 - 2021,2017,IPL 2017,KKR,14,13,5,396,81*,49.50,308,128.57,0,2,28,12,8,0,-,-,-,-,-,-,-,-,-,-,"July 17, 2015","December 04, 2020","July 14, 2015","July 23, 2021"
290630,Manish Krishnanand Pandey,"September 10, 1989, Nainital, Uttaranchal",36y 298d,India,Top order Batter,2015 - 2021,2016,IPL 2016,KKR,12,11,3,248,52,31.00,183,135.51,0,2,17,9,7,0,-,-,-,-,-,-,-,-,-,-,"July 17, 2015","December 04, 2020","July 14, 2015","July 23, 2021"
290630,Manish Krishnanand Pandey,"September 10, 1989, Nainital, Uttaranchal",36y 298d,India,Top order Batter,2015 - 2021,2015,IPL 2015,KKR,13,12,1,225,40,20.45,184,122.28,0,0,22,7,5,0,-,-,-,-,-,-,-,-,-,-,"July 17, 2015","December 04, 2020","July 14, 2015","July 23, 2021"
290630,Manish Krishnanand Pandey,"September 10, 1989, Nainital, Uttaranchal",36y 298d,India,Top order Batter,2015 - 2021,2014,IPL 2014,KKR,16,16,3,401,94,30.84,340,117.94,0,2,35,10,3,0,-,-,-,-,-,-,-,-,-,-,"July 17, 2015","December 04, 2020","July 14, 2015","July 23, 2021"
290630,Manish Krishnanand Pandey,"September 10, 1989, Nainital, Uttaranchal",36y 298d,India,Top order Batter,2015 - 2021,2013,IPL 2013,PWI,7,7,1,136,66,22.66,137,99.27,0,1,11,3,6,0,-,-,-,-,-,-,-,-,-,-,"July 17, 2015","December 04, 2020","July 14, 2015","July 23, 2021"
290630,Manish Krishnanand Pandey,"September 10, 1989, Nainital, Uttaranchal",36y 298d,India,Top order Batter,2015 - 2021,2012,IPL 2012,PWI,10,9,2,143,80*,20.42,112,127.67,0,1,12,6,3,0,-,-,-,-,-,-,-,-,-,-,"July 17, 2015","December 04, 2020","July 14, 2015","July 23, 2021"
290630,Manish Krishnanand Pandey,"September 10, 1989, Nainital, Uttaranchal",36y 298d,India,Top order Batter,2015 - 2021,2011,IPL 2011,PWI,10,9,0,246,59,27.33,227,108.37,0,1,28,6,5,0,-,-,-,-,-,-,-,-,-,-,"July 17, 2015","December 04, 2020","July 14, 2015","July 23, 2021"
290630,Manish Krishnanand Pandey,"September 10, 1989, Nainital, Uttaranchal",36y 298d,India,Top order Batter,2015 - 2021,2009/10,IPL 2009/10,RCB,13,13,1,249,42*,20.75,226,110.17,0,0,27,7,6,0,-,-,-,-,-,-,-,-,-,-,"July 17, 2015","December 04, 2020","July 14, 2015","July 23, 2021"
290630,Manish Krishnanand Pandey,"September 10, 1989, Nainital, Uttaranchal",36y 298d,India,Top order Batter,2015 - 2021,2009,IPL 2009,RCB,5,4,2,168,114*,84.00,118,142.37,1,0,17,4,4,0,-,-,-,-,-,-,-,-,-,-,"July 17, 2015","December 04, 2020","July 14, 2015","July 23, 2021"
290630,Manish Krishnanand Pandey,"September 10, 1989, Nainital, Uttaranchal",36y 298d,India,Top order Batter,2015 - 2021,2007/08,IPL 2007/08,MI,3,2,0,3,3,1.50,9,33.33,0,0,0,0,0,0,-,-,-,-,-,-,-,-,-,-,"July 17, 2015","December 04, 2020","July 14, 2015","July 23, 2021"
325012,Marcus Peter Stoinis,"August 16, 1989, Perth",36y 323d,Australia,Batting Allrounder,2015 - 2026,2026,IPL 2026,PBKS,13,9,3,216,62*,36.00,120,180.00,0,1,23,11,1,0,2,12.51,47,1/26,1/26,49.00,23.5,0,0,0,"August 31, 2015","February 20, 2026","September 11, 2015","November 10, 2024"
325012,Marcus Peter Stoinis,"August 16, 1989, Perth",36y 323d,Australia,Batting Allrounder,2015 - 2026,2025,IPL 2025,PBKS,13,11,5,160,44*,26.66,86,186.04,0,0,8,15,1,0,1,12.35,85,1/14,1/14,175.00,85.0,0,0,0,"August 31, 2015","February 20, 2026","September 11, 2015","November 10, 2024"
325012,Marcus Peter Stoinis,"August 16, 1989, Perth",36y 323d,Australia,Batting Allrounder,2015 - 2026,2024,IPL 2024,LSG,14,14,2,388,124*,32.33,263,147.52,1,2,39,16,4,0,4,9.00,84,1/3,1/3,31.50,21.0,0,0,0,"August 31, 2015","February 20, 2026","September 11, 2015","November 10, 2024"
325012,Marcus Peter Stoinis,"August 16, 1989, Perth",36y 323d,Australia,Batting Allrounder,2015 - 2026,2023,IPL 2023,LSG,15,15,2,408,89*,31.38,272,150.00,0,3,28,27,4,0,5,9.23,65,2/20,2/20,20.00,13.0,0,0,0,"August 31, 2015","February 20, 2026","September 11, 2015","November 10, 2024"
325012,Marcus Peter Stoinis,"August 16, 1989, Perth",36y 323d,Australia,Batting Allrounder,2015 - 2026,2022,IPL 2022,LSG,11,10,2,156,38*,19.50,106,147.16,0,0,7,13,4,0,4,11.28,42,3/23,3/23,19.75,10.5,0,0,0,"August 31, 2015","February 20, 2026","September 11, 2015","November 10, 2024"
325012,Marcus Peter Stoinis,"August 16, 1989, Perth",36y 323d,Australia,Batting Allrounder,2015 - 2026,2021,IPL 2021,DC,10,7,3,89,27*,22.25,72,123.61,0,0,11,1,2,0,2,10.47,67,1/7,1/7,58.50,33.5,0,0,0,"August 31, 2015","February 20, 2026","September 11, 2015","November 10, 2024"
325012,Marcus Peter Stoinis,"August 16, 1989, Perth",36y 323d,Australia,Batting Allrounder,2015 - 2026,2020/21,IPL 2020/21,DC,17,17,3,352,65,25.14,237,148.52,0,3,31,16,3,0,13,9.53,178,3/26,3/26,21.76,13.6,0,0,0,"August 31, 2015","February 20, 2026","September 11, 2015","November 10, 2024"
325012,Marcus Peter Stoinis,"August 16, 1989, Perth",36y 323d,Australia,Batting Allrounder,2015 - 2026,2019,IPL 2019,RCB,10,10,6,211,46*,52.75,156,135.25,0,0,14,10,2,0,2,8.70,100,1/13,1/13,72.50,50.0,0,0,0,"August 31, 2015","February 20, 2026","September 11, 2015","November 10, 2024"
325012,Marcus Peter Stoinis,"August 16, 1989, Perth",36y 323d,Australia,Batting Allrounder,2015 - 2026,2018,IPL 2018,PBKS,7,7,3,99,29*,24.75,76,130.26,0,0,6,4,2,0,3,10.90,66,1/15,1/15,40.00,22.0,0,0,0,"August 31, 2015","February 20, 2026","September 11, 2015","November 10, 2024"
325012,Marcus Peter Stoinis,"August 16, 1989, Perth",36y 323d,Australia,Batting Allrounder,2015 - 2026,2017,IPL 2017,PBKS,5,3,0,17,9,5.66,24,70.83,0,0,1,0,3,0,2,10.47,63,1/28,1/28,55.00,31.5,0,0,0,"August 31, 2015","February 20, 2026","September 11, 2015","November 10, 2024"
325012,Marcus Peter Stoinis,"August 16, 1989, Perth",36y 323d,Australia,Batting Allrounder,2015 - 2026,2016,IPL 2016,PBKS,7,5,1,146,52,36.50,108,135.18,0,1,13,4,0,0,8,8.43,138,4/15,4/15,24.25,17.2,1,0,0,"August 31, 2015","February 20, 2026","September 11, 2015","November 10, 2024"
351588,Mark Andrew Wood,"January 11, 1990, Ashington, Northumberland",36y 175d,England,Bowler,2015 - 2025,2023,IPL 2023,LSG,4,2,1,11,10*,11.00,5,220.00,0,0,1,1,2,0,11,8.12,96,5/14,5/14,11.81,8.7,0,1,0,"June 23, 2015","February 02, 2025","May 08, 2015","February 26, 2025"
351588,Mark Andrew Wood,"January 11, 1990, Ashington, Northumberland",36y 175d,England,Bowler,2015 - 2025,2018,IPL 2018,CSK,1,1,0,1,1,1.00,3,33.33,0,0,0,0,1,0,0,12.25,24,-,-,-,-,0,0,0,"June 23, 2015","February 02, 2025","May 08, 2015","February 26, 2025"
506612,Matthew James Henry,"December 14, 1991, Christchurch, Canterbury",34y 203d,New Zealand,Bowler,2014 - 2026,2026,IPL 2026,CSK,3,2,0,7,5,3.50,10,70.00,0,0,1,0,1,0,2,13.00,60,2/54,2/54,65.00,30.0,0,0,0,"December 04, 2014","March 08, 2026","January 31, 2014","November 22, 2025"
506612,Matthew James Henry,"December 14, 1991, Christchurch, Canterbury",34y 203d,New Zealand,Bowler,2014 - 2026,2024,IPL 2024,LSG,4,-,-,-,-,-,-,-,-,-,-,-,0,0,1,9.16,72,1/28,1/28,110.00,72.0,0,0,0,"December 04, 2014","March 08, 2026","January 31, 2014","November 22, 2025"
506612,Matthew James Henry,"December 14, 1991, Christchurch, Canterbury",34y 203d,New Zealand,Bowler,2014 - 2026,2017,IPL 2017,PBKS,2,-,-,-,-,-,-,-,-,-,-,-,0,0,1,14.20,30,1/31,1/31,71.00,30.0,0,0,0,"December 04, 2014","March 08, 2026","January 31, 2014","November 22, 2025"
595267,Matthew Paul Breetzke,"November 03, 1998",27y 244d,South Africa,Batter,2023 - 2025,2025,IPL 2025,LSG,1,1,0,14,14,14.00,12,116.66,0,0,1,1,0,0,-,-,-,-,-,-,-,-,-,-,"September 03, 2023","November 01, 2025","February 10, 2025","December 06, 2025"
1292563,Mayank Prabhu Yadav,"June 17, 2002, New Delhi",24y 18d,India,Bowler,2024 - 2024,2026,IPL 2026,LSG,4,1,0,5,5,5.00,5,100.00,0,0,1,0,0,0,0,11.37,96,-,-,-,-,0,0,0,"October 06, 2024","October 12, 2024",,
1292563,Mayank Prabhu Yadav,"June 17, 2002, New Delhi",24y 18d,India,Bowler,2024 - 2024,2025,IPL 2025,LSG,2,-,-,-,-,-,-,-,-,-,-,-,2,0,2,12.50,48,2/40,2/40,50.00,24.0,0,0,0,"October 06, 2024","October 12, 2024",,
1292563,Mayank Prabhu Yadav,"June 17, 2002, New Delhi",24y 18d,India,Bowler,2024 - 2024,2024,IPL 2024,LSG,4,-,-,-,-,-,-,-,-,-,-,-,1,0,7,6.98,73,3/14,3/14,12.14,10.4,0,0,0,"October 06, 2024","October 12, 2024",,
272450,Mitchell Ross Marsh,"October 20, 1991, Attadale, Perth",34y 258d,Australia,Allrounder,2011 - 2026,2026,IPL 2026,LSG,13,13,0,563,111,43.30,345,163.18,1,3,51,36,4,0,-,-,-,-,-,-,-,-,-,-,"October 16, 2011","June 21, 2026","October 19, 2011","October 25, 2025"
272450,Mitchell Ross Marsh,"October 20, 1991, Attadale, Perth",34y 258d,Australia,Allrounder,2011 - 2026,2025,IPL 2025,LSG,13,13,0,627,117,48.23,383,163.70,1,6,56,37,1,0,-,-,-,-,-,-,-,-,-,-,"October 16, 2011","June 21, 2026","October 19, 2011","October 25, 2025"
272450,Mitchell Ross Marsh,"October 20, 1991, Attadale, Perth",34y 258d,Australia,Allrounder,2011 - 2026,2024,IPL 2024,DC,4,4,0,61,23,15.25,38,160.52,0,0,9,3,0,0,1,12.87,48,1/37,1/37,103.00,48.0,0,0,0,"October 16, 2011","June 21, 2026","October 19, 2011","October 25, 2025"
272450,Mitchell Ross Marsh,"October 20, 1991, Attadale, Perth",34y 258d,Australia,Allrounder,2011 - 2026,2023,IPL 2023,DC,9,9,0,128,63,14.22,97,131.95,0,1,11,7,3,0,12,8.42,121,4/27,4/27,14.16,10.0,1,0,0,"October 16, 2011","June 21, 2026","October 19, 2011","October 25, 2025"
272450,Mitchell Ross Marsh,"October 20, 1991, Attadale, Perth",34y 258d,Australia,Allrounder,2011 - 2026,2022,IPL 2022,DC,8,8,0,251,89,31.37,189,132.80,0,2,19,14,0,0,4,8.50,72,2/25,2/25,25.50,18.0,0,0,0,"October 16, 2011","June 21, 2026","October 19, 2011","October 25, 2025"
272450,Mitchell Ross Marsh,"October 20, 1991, Attadale, Perth",34y 258d,Australia,Allrounder,2011 - 2026,2020/21,IPL 2020/21,SRH,1,1,0,0,0,0.00,1,0.00,0,0,0,0,0,0,0,9.00,4,-,-,-,-,0,0,0,"October 16, 2011","June 21, 2026","October 19, 2011","October 25, 2025"
272450,Mitchell Ross Marsh,"October 20, 1991, Attadale, Perth",34y 258d,Australia,Allrounder,2011 - 2026,2016,IPL 2016,RPS,3,1,0,7,7,7.00,11,63.63,0,0,0,0,0,0,4,5.00,54,2/14,2/14,11.25,13.5,0,0,0,"October 16, 2011","June 21, 2026","October 19, 2011","October 25, 2025"
272450,Mitchell Ross Marsh,"October 20, 1991, Attadale, Perth",34y 258d,Australia,Allrounder,2011 - 2026,2013,IPL 2013,PWI,9,8,1,140,38,20.00,106,132.07,0,0,6,10,7,0,7,9.41,116,2/7,2/7,26.00,16.5,0,0,0,"October 16, 2011","June 21, 2026","October 19, 2011","October 25, 2025"
272450,Mitchell Ross Marsh,"October 20, 1991, Attadale, Perth",34y 258d,Australia,Allrounder,2011 - 2026,2011,IPL 2011,PWI,5,3,1,50,37,25.00,49,102.04,0,0,2,3,0,0,7,6.98,85,4/25,4/25,14.14,12.1,1,0,0,"October 16, 2011","June 21, 2026","October 19, 2011","October 25, 2025"
272450,Mitchell Ross Marsh,"October 20, 1991, Attadale, Perth",34y 258d,Australia,Allrounder,2011 - 2026,2009/10,IPL 2009/10,DCH,3,2,0,28,15,14.00,30,93.33,0,0,1,1,0,0,2,8.80,60,1/19,1/19,44.00,30.0,0,0,0,"October 16, 2011","June 21, 2026","October 19, 2011","October 25, 2025"
481896,Mohammed Shami Ahmed,"September 03, 1990, Amroha, Uttar Pradesh",35y 305d,India,Bowler,2013 - 2025,2026,IPL 2026,LSG,13,7,2,31,12*,6.20,22,140.90,0,0,2,3,3,0,12,9.00,306,2/9,2/9,38.25,25.5,0,0,0,"March 21, 2014","February 02, 2025","January 06, 2013","March 09, 2025"
481896,Mohammed Shami Ahmed,"September 03, 1990, Amroha, Uttar Pradesh",35y 305d,India,Bowler,2013 - 2025,2025,IPL 2025,SRH,9,4,3,10,6*,10.00,10,100.00,0,0,1,0,2,0,6,11.23,180,2/28,2/28,56.16,30.0,0,0,0,"March 21, 2014","February 02, 2025","January 06, 2013","March 09, 2025"
481896,Mohammed Shami Ahmed,"September 03, 1990, Amroha, Uttar Pradesh",35y 305d,India,Bowler,2013 - 2025,2023,IPL 2023,GT,17,2,0,5,5,2.50,6,83.33,0,0,1,0,5,0,28,8.03,390,4/11,4/11,18.64,13.9,2,0,0,"March 21, 2014","February 02, 2025","January 06, 2013","March 09, 2025"
481896,Mohammed Shami Ahmed,"September 03, 1990, Amroha, Uttar Pradesh",35y 305d,India,Bowler,2013 - 2025,2022,IPL 2022,GT,16,-,-,-,-,-,-,-,-,-,-,-,3,0,20,8.00,366,3/25,3/25,24.40,18.3,0,0,0,"March 21, 2014","February 02, 2025","January 06, 2013","March 09, 2025"
481896,Mohammed Shami Ahmed,"September 03, 1990, Amroha, Uttar Pradesh",35y 305d,India,Bowler,2013 - 2025,2021,IPL 2021,PBKS,14,4,3,13,9*,13.00,17,76.47,0,0,0,0,1,0,19,7.50,316,3/21,3/21,20.78,16.6,0,0,0,"March 21, 2014","February 02, 2025","January 06, 2013","March 09, 2025"
481896,Mohammed Shami Ahmed,"September 03, 1990, Amroha, Uttar Pradesh",35y 305d,India,Bowler,2013 - 2025,2020/21,IPL 2020/21,PBKS,14,3,2,2,2*,2.00,3,66.66,0,0,0,0,2,0,20,8.57,322,3/15,3/15,23.00,16.1,0,0,0,"March 21, 2014","February 02, 2025","January 06, 2013","March 09, 2025"
481896,Mohammed Shami Ahmed,"September 03, 1990, Amroha, Uttar Pradesh",35y 305d,India,Bowler,2013 - 2025,2019,IPL 2019,PBKS,14,2,1,1,1*,1.00,2,50.00,0,0,0,0,5,0,19,8.68,324,3/21,3/21,24.68,17.0,0,0,0,"March 21, 2014","February 02, 2025","January 06, 2013","March 09, 2025"
481896,Mohammed Shami Ahmed,"September 03, 1990, Amroha, Uttar Pradesh",35y 305d,India,Bowler,2013 - 2025,2018,IPL 2018,DC,4,1,0,7,7,7.00,6,116.66,0,0,1,0,2,0,3,10.40,83,1/29,1/29,48.00,27.6,0,0,0,"March 21, 2014","February 02, 2025","January 06, 2013","March 09, 2025"
481896,Mohammed Shami Ahmed,"September 03, 1990, Amroha, Uttar Pradesh",35y 305d,India,Bowler,2013 - 2025,2017,IPL 2017,DC,8,6,2,36,21,9.00,24,150.00,0,0,4,2,0,0,5,9.34,156,2/36,2/36,48.60,31.2,0,0,0,"March 21, 2014","February 02, 2025","January 06, 2013","March 09, 2025"
481896,Mohammed Shami Ahmed,"September 03, 1990, Amroha, Uttar Pradesh",35y 305d,India,Bowler,2013 - 2025,2016,IPL 2016,DC,8,2,2,2,2*,-,4,50.00,0,0,0,0,1,0,5,9.69,151,2/34,2/34,48.80,30.2,0,0,0,"March 21, 2014","February 02, 2025","January 06, 2013","March 09, 2025"
481896,Mohammed Shami Ahmed,"September 03, 1990, Amroha, Uttar Pradesh",35y 305d,India,Bowler,2013 - 2025,2014,IPL 2014,DC,12,4,2,3,1*,1.50,7,42.85,0,0,0,0,0,0,7,8.38,264,1/22,1/22,52.71,37.7,0,0,0,"March 21, 2014","February 02, 2025","January 06, 2013","March 09, 2025"
481896,Mohammed Shami Ahmed,"September 03, 1990, Amroha, Uttar Pradesh",35y 305d,India,Bowler,2013 - 2025,2013,IPL 2013,KKR,3,1,0,5,5,5.00,10,50.00,0,0,0,0,0,0,1,8.66,54,1/32,1/32,78.00,54.0,0,0,0,"March 21, 2014","February 02, 2025","January 06, 2013","March 09, 2025"
1132005,Mohsin Khan,"July 15, 1998, Sambhal, Uttar Pradesh",27y 355d,India,Bowler,-,2026,IPL 2026,LSG,7,2,0,0,0,0.00,4,0.00,0,0,0,0,2,0,11,8.14,168,5/23,5/23,20.72,15.2,0,1,0,,,,
1132005,Mohsin Khan,"July 15, 1998, Sambhal, Uttar Pradesh",27y 355d,India,Bowler,-,2024,IPL 2024,LSG,10,1,0,2,2,2.00,1,200.00,0,0,0,0,1,0,10,10.13,228,2/29,2/29,38.50,22.8,0,0,0,,,,
1132005,Mohsin Khan,"July 15, 1998, Sambhal, Uttar Pradesh",27y 355d,India,Bowler,-,2023,IPL 2023,LSG,5,1,0,0,0,0.00,7,0.00,0,0,0,0,0,0,3,10.70,60,1/24,1/24,35.66,20.0,0,0,0,,,,
1132005,Mohsin Khan,"July 15, 1998, Sambhal, Uttar Pradesh",27y 355d,India,Bowler,-,2022,IPL 2022,LSG,9,3,2,23,13*,23.00,16,143.75,0,0,2,1,1,0,14,5.96,198,4/16,4/16,14.07,14.1,1,0,0,,,,
1354217,Mukul Dalip Choudhary,"August 06, 2004, Jhunjhunu",21y 333d,India,Wicketkeeper Batter,-,2026,IPL 2026,LSG,10,10,4,170,54*,28.33,120,141.66,0,1,11,12,3,0,-,-,-,-,-,-,-,-,-,-,,,,
793447,Naveen-ul-Haq Murid,"September 23, 1999, Kabul",26y 285d,Afghanistan,Bowler,2016 - 2024,2024,IPL 2024,LSG,10,3,3,2,2*,-,4,50.00,0,0,0,0,4,0,14,10.19,219,3/49,3/49,26.57,15.6,0,0,0,"September 21, 2019","December 14, 2024","September 25, 2016","November 10, 2023"
793447,Naveen-ul-Haq Murid,"September 23, 1999, Kabul",26y 285d,Afghanistan,Bowler,2016 - 2024,2023,IPL 2023,LSG,8,3,2,16,13,16.00,21,76.19,0,0,2,0,2,0,11,7.82,168,4/38,4/38,19.90,15.2,1,0,0,"September 21, 2019","December 14, 2024","September 25, 2016","November 10, 2023"
604302,Nicholas Pooran,"October 02, 1995, Trinidad",30y 276d,West Indies,Wicketkeeper Batter,2016 - 2024,2026,IPL 2026,LSG,14,14,1,234,63,18.00,183,127.86,0,1,11,19,5,0,-,-,-,-,-,-,-,-,-,-,"September 23, 2016","December 19, 2024","February 20, 2019","July 07, 2023"
604302,Nicholas Pooran,"October 02, 1995, Trinidad",30y 276d,West Indies,Wicketkeeper Batter,2016 - 2024,2025,IPL 2025,LSG,14,14,2,524,87*,43.66,267,196.25,0,5,45,40,8,0,-,-,-,-,-,-,-,-,-,-,"September 23, 2016","December 19, 2024","February 20, 2019","July 07, 2023"
604302,Nicholas Pooran,"October 02, 1995, Trinidad",30y 276d,West Indies,Wicketkeeper Batter,2016 - 2024,2024,IPL 2024,LSG,14,14,6,499,75,62.37,280,178.21,0,3,35,36,7,0,-,-,-,-,-,-,-,-,-,-,"September 23, 2016","December 19, 2024","February 20, 2019","July 07, 2023"
604302,Nicholas Pooran,"October 02, 1995, Trinidad",30y 276d,West Indies,Wicketkeeper Batter,2016 - 2024,2023,IPL 2023,LSG,15,15,3,358,62,29.83,207,172.94,0,2,26,26,6,3,-,-,-,-,-,-,-,-,-,-,"September 23, 2016","December 19, 2024","February 20, 2019","July 07, 2023"
604302,Nicholas Pooran,"October 02, 1995, Trinidad",30y 276d,West Indies,Wicketkeeper Batter,2016 - 2024,2022,IPL 2022,SRH,14,13,5,306,64*,38.25,212,144.33,0,2,16,21,8,1,-,-,-,-,-,-,-,-,-,-,"September 23, 2016","December 19, 2024","February 20, 2019","July 07, 2023"
604302,Nicholas Pooran,"October 02, 1995, Trinidad",30y 276d,West Indies,Wicketkeeper Batter,2016 - 2024,2021,IPL 2021,PBKS,12,11,0,85,32,7.72,76,111.84,0,0,3,5,3,0,-,-,-,-,-,-,-,-,-,-,"September 23, 2016","December 19, 2024","February 20, 2019","July 07, 2023"
604302,Nicholas Pooran,"October 02, 1995, Trinidad",30y 276d,West Indies,Wicketkeeper Batter,2016 - 2024,2020/21,IPL 2020/21,PBKS,14,14,4,353,77,35.30,208,169.71,0,2,23,25,7,0,-,-,-,-,-,-,-,-,-,-,"September 23, 2016","December 19, 2024","February 20, 2019","July 07, 2023"
604302,Nicholas Pooran,"October 02, 1995, Trinidad",30y 276d,West Indies,Wicketkeeper Batter,2016 - 2024,2019,IPL 2019,PBKS,7,6,0,168,48,28.00,107,157.00,0,0,9,14,1,0,-,-,-,-,-,-,-,-,-,-,"September 23, 2016","December 19, 2024","February 20, 2019","July 07, 2023"
956871,Prerak Nileshkumar Mankad,"April 23, 1994, Sirohi, Saurashtra",32y 73d,India,Allrounder,-,2023,IPL 2023,LSG,5,5,2,93,64*,31.00,72,129.16,0,1,12,2,2,0,-,-,-,-,-,-,-,-,-,-,,,,
956871,Prerak Nileshkumar Mankad,"April 23, 1994, Sirohi, Saurashtra",32y 73d,India,Allrounder,-,2022,IPL 2022,PBKS,1,1,1,4,4*,-,1,400.00,0,0,1,0,1,0,-,-,-,-,-,-,-,-,-,-,,,,
1350768,Prince Yadav,"December 12, 2001",24y 205d,India,Bowler,2026 - 2026,2026,IPL 2026,LSG,14,1,1,0,0*,-,1,0.00,0,0,0,0,4,0,16,8.82,312,3/32,3/32,28.68,19.5,0,0,0,"June 17, 2026","June 20, 2026","June 17, 2026","June 20, 2026"
1350768,Prince Yadav,"December 12, 2001",24y 205d,India,Bowler,2026 - 2026,2025,IPL 2025,LSG,6,2,2,5,4*,-,10,50.00,0,0,0,0,2,0,3,9.85,137,1/29,1/29,75.00,45.6,0,0,0,"June 17, 2026","June 20, 2026","June 17, 2026","June 20, 2026"
379143,Quinton de Kock,"December 17, 1992, Johannesburg, Gauteng",33y 200d,South Africa,Wicketkeeper Batter,2012 - 2026,2026,IPL 2026,MI,3,3,1,132,112*,66.00,81,162.96,1,0,9,9,2,1,-,-,-,-,-,-,-,-,-,-,"December 21, 2012","March 04, 2026","January 19, 2013","December 06, 2025"
379143,Quinton de Kock,"December 17, 1992, Johannesburg, Gauteng",33y 200d,South Africa,Wicketkeeper Batter,2012 - 2026,2025,IPL 2025,KKR,8,8,1,152,97*,21.71,117,129.91,0,1,9,11,3,0,-,-,-,-,-,-,-,-,-,-,"December 21, 2012","March 04, 2026","January 19, 2013","December 06, 2025"
379143,Quinton de Kock,"December 17, 1992, Johannesburg, Gauteng",33y 200d,South Africa,Wicketkeeper Batter,2012 - 2026,2024,IPL 2024,LSG,11,11,0,250,81,22.72,186,134.40,0,3,29,9,3,0,-,-,-,-,-,-,-,-,-,-,"December 21, 2012","March 04, 2026","January 19, 2013","December 06, 2025"
379143,Quinton de Kock,"December 17, 1992, Johannesburg, Gauteng",33y 200d,South Africa,Wicketkeeper Batter,2012 - 2026,2023,IPL 2023,LSG,4,4,0,143,70,35.75,102,140.19,0,1,10,8,2,1,-,-,-,-,-,-,-,-,-,-,"December 21, 2012","March 04, 2026","January 19, 2013","December 06, 2025"
379143,Quinton de Kock,"December 17, 1992, Johannesburg, Gauteng",33y 200d,South Africa,Wicketkeeper Batter,2012 - 2026,2022,IPL 2022,LSG,15,15,1,508,140*,36.28,341,148.97,1,3,47,23,12,1,-,-,-,-,-,-,-,-,-,-,"December 21, 2012","March 04, 2026","January 19, 2013","December 06, 2025"
379143,Quinton de Kock,"December 17, 1992, Johannesburg, Gauteng",33y 200d,South Africa,Wicketkeeper Batter,2012 - 2026,2021,IPL 2021,MI,11,11,1,297,70*,29.70,256,116.01,0,2,29,7,4,2,-,-,-,-,-,-,-,-,-,-,"December 21, 2012","March 04, 2026","January 19, 2013","December 06, 2025"
379143,Quinton de Kock,"December 17, 1992, Johannesburg, Gauteng",33y 200d,South Africa,Wicketkeeper Batter,2012 - 2026,2020/21,IPL 2020/21,MI,16,16,2,503,78*,35.92,358,140.50,0,4,46,22,18,4,-,-,-,-,-,-,-,-,-,-,"December 21, 2012","March 04, 2026","January 19, 2013","December 06, 2025"
379143,Quinton de Kock,"December 17, 1992, Johannesburg, Gauteng",33y 200d,South Africa,Wicketkeeper Batter,2012 - 2026,2019,IPL 2019,MI,16,16,1,529,81,35.26,398,132.91,0,4,45,25,17,2,-,-,-,-,-,-,-,-,-,-,"December 21, 2012","March 04, 2026","January 19, 2013","December 06, 2025"
379143,Quinton de Kock,"December 17, 1992, Johannesburg, Gauteng",33y 200d,South Africa,Wicketkeeper Batter,2012 - 2026,2018,IPL 2018,RCB,8,8,0,201,53,25.12,162,124.07,0,1,20,8,7,3,-,-,-,-,-,-,-,-,-,-,"December 21, 2012","March 04, 2026","January 19, 2013","December 06, 2025"
379143,Quinton de Kock,"December 17, 1992, Johannesburg, Gauteng",33y 200d,South Africa,Wicketkeeper Batter,2012 - 2026,2016,IPL 2016,DC,13,13,1,445,108,37.08,327,136.08,1,3,52,13,2,2,-,-,-,-,-,-,-,-,-,-,"December 21, 2012","March 04, 2026","January 19, 2013","December 06, 2025"
379143,Quinton de Kock,"December 17, 1992, Johannesburg, Gauteng",33y 200d,South Africa,Wicketkeeper Batter,2012 - 2026,2015,IPL 2015,DC,3,3,0,122,69,40.66,77,158.44,0,2,18,4,0,0,-,-,-,-,-,-,-,-,-,-,"December 21, 2012","March 04, 2026","January 19, 2013","December 06, 2025"
379143,Quinton de Kock,"December 17, 1992, Johannesburg, Gauteng",33y 200d,South Africa,Wicketkeeper Batter,2012 - 2026,2014,IPL 2014,DC,7,7,0,153,48,21.85,130,117.69,0,0,19,4,2,0,-,-,-,-,-,-,-,-,-,-,"December 21, 2012","March 04, 2026","January 19, 2013","December 06, 2025"
379143,Quinton de Kock,"December 17, 1992, Johannesburg, Gauteng",33y 200d,South Africa,Wicketkeeper Batter,2012 - 2026,2013,IPL 2013,SRH,3,3,0,6,4,2.00,15,40.00,0,0,1,0,3,1,-,-,-,-,-,-,-,-,-,-,"December 21, 2012","March 04, 2026","January 19, 2013","December 06, 2025"
1175441,Ravi Bishnoi,"September 05, 2000, Jodhpur, Rajasthan",25y 303d,India,Bowler,2022 - 2026,2026,IPL 2026,RR,9,2,0,0,0,0.00,3,0.00,0,0,0,0,5,0,11,9.88,156,4/41,4/41,23.36,14.1,1,0,0,"February 16, 2022","July 04, 2026","October 06, 2022","February 16, 2022"
1175441,Ravi Bishnoi,"September 05, 2000, Jodhpur, Rajasthan",25y 303d,India,Bowler,2022 - 2026,2025,IPL 2025,LSG,11,3,1,13,13,6.50,16,81.25,0,0,0,2,4,0,9,10.83,222,2/18,2/18,44.55,24.6,0,0,0,"February 16, 2022","July 04, 2026","October 06, 2022","February 16, 2022"
1175441,Ravi Bishnoi,"September 05, 2000, Jodhpur, Rajasthan",25y 303d,India,Bowler,2022 - 2026,2024,IPL 2024,LSG,14,3,0,4,2,1.33,6,66.66,0,0,0,0,4,0,10,8.77,262,2/25,2/25,38.30,26.2,0,0,0,"February 16, 2022","July 04, 2026","October 06, 2022","February 16, 2022"
1175441,Ravi Bishnoi,"September 05, 2000, Jodhpur, Rajasthan",25y 303d,India,Bowler,2022 - 2026,2023,IPL 2023,LSG,15,7,4,20,5,6.66,27,74.07,0,0,1,0,9,0,16,7.74,303,3/28,3/28,24.43,18.9,0,0,0,"February 16, 2022","July 04, 2026","October 06, 2022","February 16, 2022"
1175441,Ravi Bishnoi,"September 05, 2000, Jodhpur, Rajasthan",25y 303d,India,Bowler,2022 - 2026,2022,IPL 2022,LSG,14,1,1,0,0*,-,1,0.00,0,0,0,0,3,0,13,8.44,324,2/22,2/22,35.07,24.9,0,0,0,"February 16, 2022","July 04, 2026","October 06, 2022","February 16, 2022"
1175441,Ravi Bishnoi,"September 05, 2000, Jodhpur, Rajasthan",25y 303d,India,Bowler,2022 - 2026,2021,IPL 2021,PBKS,9,1,0,1,1,1.00,4,25.00,0,0,0,0,2,0,12,6.38,216,3/24,3/24,19.16,18.0,0,0,0,"February 16, 2022","July 04, 2026","October 06, 2022","February 16, 2022"
1175441,Ravi Bishnoi,"September 05, 2000, Jodhpur, Rajasthan",25y 303d,India,Bowler,2022 - 2026,2020/21,IPL 2020/21,PBKS,14,3,2,7,6*,7.00,12,58.33,0,0,1,0,2,0,12,7.37,306,3/29,3/29,31.33,25.5,0,0,0,"February 16, 2022","July 04, 2026","October 06, 2022","February 16, 2022"
931581,Rishabh Rajendra Pant,"October 04, 1997, Haridwar, Uttarakhand",28y 274d,India,Wicketkeeper Batter,2017 - 2026,2026,IPL 2026,LSG,14,13,2,312,68*,28.36,226,138.05,0,1,30,11,10,0,-,-,-,-,-,-,-,-,-,-,"February 01, 2017","July 28, 2024","October 21, 2018","August 07, 2024"
931581,Rishabh Rajendra Pant,"October 04, 1997, Haridwar, Uttarakhand",28y 274d,India,Wicketkeeper Batter,2017 - 2026,2025,IPL 2025,LSG,14,13,2,269,118*,24.45,202,133.16,1,1,23,16,5,1,-,-,-,-,-,-,-,-,-,-,"February 01, 2017","July 28, 2024","October 21, 2018","August 07, 2024"
931581,Rishabh Rajendra Pant,"October 04, 1997, Haridwar, Uttarakhand",28y 274d,India,Wicketkeeper Batter,2017 - 2026,2024,IPL 2024,DC,13,13,2,446,88*,40.54,287,155.40,0,3,36,25,11,5,-,-,-,-,-,-,-,-,-,-,"February 01, 2017","July 28, 2024","October 21, 2018","August 07, 2024"
931581,Rishabh Rajendra Pant,"October 04, 1997, Haridwar, Uttarakhand",28y 274d,India,Wicketkeeper Batter,2017 - 2026,2022,IPL 2022,DC,14,13,2,340,44,30.90,224,151.78,0,0,35,16,8,4,-,-,-,-,-,-,-,-,-,-,"February 01, 2017","July 28, 2024","October 21, 2018","August 07, 2024"
931581,Rishabh Rajendra Pant,"October 04, 1997, Haridwar, Uttarakhand",28y 274d,India,Wicketkeeper Batter,2017 - 2026,2021,IPL 2021,DC,16,16,4,419,58*,34.91,326,128.52,0,3,42,10,10,3,-,-,-,-,-,-,-,-,-,-,"February 01, 2017","July 28, 2024","October 21, 2018","August 07, 2024"
931581,Rishabh Rajendra Pant,"October 04, 1997, Haridwar, Uttarakhand",28y 274d,India,Wicketkeeper Batter,2017 - 2026,2020/21,IPL 2020/21,DC,14,14,3,343,56,31.18,301,113.95,0,1,31,9,13,0,-,-,-,-,-,-,-,-,-,-,"February 01, 2017","July 28, 2024","October 21, 2018","August 07, 2024"
931581,Rishabh Rajendra Pant,"October 04, 1997, Haridwar, Uttarakhand",28y 274d,India,Wicketkeeper Batter,2017 - 2026,2019,IPL 2019,DC,16,16,3,488,78*,37.53,300,162.66,0,3,37,27,18,6,-,-,-,-,-,-,-,-,-,-,"February 01, 2017","July 28, 2024","October 21, 2018","August 07, 2024"
931581,Rishabh Rajendra Pant,"October 04, 1997, Haridwar, Uttarakhand",28y 274d,India,Wicketkeeper Batter,2017 - 2026,2018,IPL 2018,DC,14,14,1,684,128*,52.61,394,173.60,1,5,68,37,4,2,-,-,-,-,-,-,-,-,-,-,"February 01, 2017","July 28, 2024","October 21, 2018","August 07, 2024"
931581,Rishabh Rajendra Pant,"October 04, 1997, Haridwar, Uttarakhand",28y 274d,India,Wicketkeeper Batter,2017 - 2026,2017,IPL 2017,DC,14,14,0,366,97,26.14,221,165.61,0,2,28,24,8,3,-,-,-,-,-,-,-,-,-,-,"February 01, 2017","July 28, 2024","October 21, 2018","August 07, 2024"
931581,Rishabh Rajendra Pant,"October 04, 1997, Haridwar, Uttarakhand",28y 274d,India,Wicketkeeper Batter,2017 - 2026,2016,IPL 2016,DC,10,10,2,198,69,24.75,152,130.26,0,1,19,6,3,0,-,-,-,-,-,-,-,-,-,-,"February 01, 2017","July 28, 2024","October 21, 2018","August 07, 2024"
677077,Romario Shepherd,"November 26, 1994, Guyana",31y 221d,West Indies,Bowling Allrounder,2019 - 2026,2026,IPL 2026,RCB,15,7,3,83,23*,20.75,66,125.75,0,0,6,5,3,0,7,11.92,150,3/54,3/54,42.57,21.4,0,0,0,"January 18, 2020","June 13, 2026","November 06, 2019","November 19, 2025"
677077,Romario Shepherd,"November 26, 1994, Guyana",31y 221d,West Indies,Bowling Allrounder,2019 - 2026,2025,IPL 2025,RCB,8,3,1,70,53*,35.00,24,291.66,0,1,5,7,4,0,6,10.78,84,2/14,2/14,25.16,14.0,0,0,0,"January 18, 2020","June 13, 2026","November 06, 2019","November 19, 2025"
677077,Romario Shepherd,"November 26, 1994, Guyana",31y 221d,West Indies,Bowling Allrounder,2019 - 2026,2024,IPL 2024,MI,6,5,3,57,39*,28.50,21,271.42,0,0,5,5,0,0,1,13.25,72,1/54,1/54,159.00,72.0,0,0,0,"January 18, 2020","June 13, 2026","November 06, 2019","November 19, 2025"
677077,Romario Shepherd,"November 26, 1994, Guyana",31y 221d,West Indies,Bowling Allrounder,2019 - 2026,2023,IPL 2023,LSG,1,1,0,0,0,0.00,1,0.00,0,0,0,0,0,0,-,-,-,-,-,-,-,-,-,-,"January 18, 2020","June 13, 2026","November 06, 2019","November 19, 2025"
677077,Romario Shepherd,"November 26, 1994, Guyana",31y 221d,West Indies,Bowling Allrounder,2019 - 2026,2022,IPL 2022,SRH,3,3,1,58,26*,29.00,41,141.46,0,0,2,5,0,0,3,10.88,54,2/42,2/42,32.66,18.0,0,0,0,"January 18, 2020","June 13, 2026","November 06, 2019","November 19, 2025"
1159711,Shahbaz Ahmed,"December 11, 1994, Mewat, Haryana",31y 206d,India,Allrounder,2022 - 2025,2026,IPL 2026,LSG,5,2,2,58,43*,-,41,141.46,0,0,4,3,0,0,5,11.64,67,2/30,2/30,26.00,13.4,0,0,0,"October 06, 2023","October 07, 2023","October 09, 2022","December 04, 2022"
1159711,Shahbaz Ahmed,"December 11, 1994, Mewat, Haryana",31y 206d,India,Allrounder,2022 - 2025,2025,IPL 2025,LSG,3,1,0,9,9,9.00,8,112.50,0,0,1,0,0,0,1,12.00,51,1/41,1/41,102.00,51.0,0,0,0,"October 06, 2023","October 07, 2023","October 09, 2022","December 04, 2022"
1159711,Shahbaz Ahmed,"December 11, 1994, Mewat, Haryana",31y 206d,India,Allrounder,2022 - 2025,2024,IPL 2024,SRH,16,12,3,215,59*,23.88,166,129.51,0,1,7,13,3,0,7,9.81,165,3/23,3/23,38.57,23.5,0,0,0,"October 06, 2023","October 07, 2023","October 09, 2022","December 04, 2022"
1159711,Shahbaz Ahmed,"December 11, 1994, Mewat, Haryana",31y 206d,India,Allrounder,2022 - 2025,2023,IPL 2023,RCB,10,6,2,42,20*,10.50,39,107.69,0,0,3,1,5,0,1,13.57,42,1/38,1/38,95.00,42.0,0,0,0,"October 06, 2023","October 07, 2023","October 09, 2022","December 04, 2022"
1159711,Shahbaz Ahmed,"December 11, 1994, Mewat, Haryana",31y 206d,India,Allrounder,2022 - 2025,2022,IPL 2022,RCB,16,11,3,219,45,27.37,181,120.99,0,0,14,9,8,0,4,9.60,210,2/26,2/26,84.00,52.5,0,0,0,"October 06, 2023","October 07, 2023","October 09, 2022","December 04, 2022"
1159711,Shahbaz Ahmed,"December 11, 1994, Mewat, Haryana",31y 206d,India,Allrounder,2022 - 2025,2021,IPL 2021,RCB,11,7,0,59,14,8.42,53,111.32,0,0,4,2,4,0,7,6.57,84,3/7,3/7,13.14,12.0,0,0,0,"October 06, 2023","October 07, 2023","October 09, 2022","December 04, 2022"
1159711,Shahbaz Ahmed,"December 11, 1994, Mewat, Haryana",31y 206d,India,Allrounder,2022 - 2025,2020/21,IPL 2020/21,RCB,2,1,1,1,1*,-,1,100.00,0,0,0,0,1,0,2,7.33,36,2/26,2/26,22.00,18.0,0,0,0,"October 06, 2023","October 07, 2023","October 09, 2022","December 04, 2022"
1356971,Shamar Joseph,"August 31, 1999",26y 308d,West Indies,Bowler,2024 - 2026,2024,IPL 2024,LSG,1,-,-,-,-,-,-,-,-,-,-,-,0,0,0,11.75,24,-,-,-,-,0,0,0,"May 23, 2024","June 14, 2026","November 02, 2024","June 06, 2026"
475281,Shardul Narendra Thakur,"October 16, 1991, Palghar, Maharashtra",34y 262d,India,Bowling Allrounder,2017 - 2025,2026,IPL 2026,MI,9,3,1,24,10*,12.00,30,80.00,0,0,2,0,0,0,12,12.27,132,4/39,4/39,22.50,11.0,1,0,0,"February 21, 2018","February 20, 2022","August 31, 2017","October 19, 2023"
475281,Shardul Narendra Thakur,"October 16, 1991, Palghar, Maharashtra",34y 262d,India,Bowling Allrounder,2017 - 2025,2025,IPL 2025,LSG,10,5,2,18,6,6.00,12,150.00,0,0,3,0,4,0,13,11.02,204,4/34,4/34,28.84,15.6,1,0,0,"February 21, 2018","February 20, 2022","August 31, 2017","October 19, 2023"
475281,Shardul Narendra Thakur,"October 16, 1991, Palghar, Maharashtra",34y 262d,India,Bowling Allrounder,2017 - 2025,2024,IPL 2024,CSK,9,3,2,21,17,21.00,17,123.52,0,0,2,1,4,0,5,9.75,190,2/61,2/61,61.80,38.0,0,0,0,"February 21, 2018","February 20, 2022","August 31, 2017","October 19, 2023"
475281,Shardul Narendra Thakur,"October 16, 1991, Palghar, Maharashtra",34y 262d,India,Bowling Allrounder,2017 - 2025,2023,IPL 2023,KKR,11,10,2,113,68,14.12,70,161.42,0,1,13,4,4,0,7,10.47,126,2/23,2/23,31.42,18.0,0,0,0,"February 21, 2018","February 20, 2022","August 31, 2017","October 19, 2023"
475281,Shardul Narendra Thakur,"October 16, 1991, Palghar, Maharashtra",34y 262d,India,Bowling Allrounder,2017 - 2025,2022,IPL 2022,DC,14,10,2,120,29*,15.00,87,137.93,0,0,7,7,7,0,15,9.78,290,4/36,4/36,31.53,19.3,1,0,0,"February 21, 2018","February 20, 2022","August 31, 2017","October 19, 2023"
475281,Shardul Narendra Thakur,"October 16, 1991, Palghar, Maharashtra",34y 262d,India,Bowling Allrounder,2017 - 2025,2021,IPL 2021,CSK,16,4,2,5,3*,2.50,5,100.00,0,0,0,0,2,0,21,8.80,359,3/28,3/28,25.09,17.0,0,0,0,"February 21, 2018","February 20, 2022","August 31, 2017","October 19, 2023"
475281,Shardul Narendra Thakur,"October 16, 1991, Palghar, Maharashtra",34y 262d,India,Bowling Allrounder,2017 - 2025,2020/21,IPL 2020/21,CSK,9,2,1,12,11,12.00,21,57.14,0,0,0,0,2,0,10,8.50,194,2/28,2/28,27.50,19.4,0,0,0,"February 21, 2018","February 20, 2022","August 31, 2017","October 19, 2023"
475281,Shardul Narendra Thakur,"October 16, 1991, Palghar, Maharashtra",34y 262d,India,Bowling Allrounder,2017 - 2025,2019,IPL 2019,CSK,10,3,1,14,12*,7.00,7,200.00,0,0,1,1,5,0,8,9.36,180,2/18,2/18,35.12,22.5,0,0,0,"February 21, 2018","February 20, 2022","August 31, 2017","October 19, 2023"
475281,Shardul Narendra Thakur,"October 16, 1991, Palghar, Maharashtra",34y 262d,India,Bowling Allrounder,2017 - 2025,2018,IPL 2018,CSK,13,1,1,15,15*,-,5,300.00,0,0,3,0,4,0,16,9.23,280,2/18,2/18,26.93,17.5,0,0,0,"February 21, 2018","February 20, 2022","August 31, 2017","October 19, 2023"
475281,Shardul Narendra Thakur,"October 16, 1991, Palghar, Maharashtra",34y 262d,India,Bowling Allrounder,2017 - 2025,2017,IPL 2017,RPS,12,3,0,0,0,0.00,3,0.00,0,0,0,0,4,0,11,8.25,229,3/19,3/19,28.63,20.8,0,0,0,"February 21, 2018","February 20, 2022","August 31, 2017","October 19, 2023"
475281,Shardul Narendra Thakur,"October 16, 1991, Palghar, Maharashtra",34y 262d,India,Bowling Allrounder,2017 - 2025,2015,IPL 2015,PBKS,1,1,1,7,7*,-,6,116.66,0,0,1,0,0,0,1,12.66,18,1/38,1/38,38.00,18.0,0,0,0,"February 21, 2018","February 20, 2022","August 31, 2017","October 19, 2023"
232292,Swapnil Singh,"January 22, 1991, Rae Bareilly, Uttar Pradesh",35y 164d,India,Bowler,-,2024,IPL 2024,RCB,7,5,3,37,15*,18.50,21,176.19,0,0,3,3,2,0,6,8.86,90,2/28,2/28,22.16,15.0,0,0,0,,,,
232292,Swapnil Singh,"January 22, 1991, Rae Bareilly, Uttar Pradesh",35y 164d,India,Bowler,-,2023,IPL 2023,LSG,2,1,1,2,2*,-,4,50.00,0,0,0,0,0,0,0,9.00,12,-,-,-,-,0,0,0,,,,
232292,Swapnil Singh,"January 22, 1991, Rae Bareilly, Uttar Pradesh",35y 164d,India,Bowler,-,2017,IPL 2017,PBKS,4,2,0,12,10,6.00,19,63.15,0,0,0,0,1,0,1,8.71,42,1/14,1/14,61.00,42.0,0,0,0,,,,
232292,Swapnil Singh,"January 22, 1991, Rae Bareilly, Uttar Pradesh",35y 164d,India,Bowler,-,2016,IPL 2016,PBKS,1,1,0,0,0,0.00,1,0.00,0,0,0,0,0,0,0,9.66,18,-,-,-,-,0,0,0,,,,
1211825,William Peter O'Rourke,"August 06, 2001, Kingston upon Thames, Surrey",24y 333d,New Zealand,Bowler,2023 - 2026,2025,IPL 2025,LSG,3,-,-,-,-,-,-,-,-,-,-,-,1,0,6,12.77,62,3/27,3/27,22.00,10.3,0,0,0,"April 21, 2024","July 24, 2025","December 17, 2023","April 23, 2026"
1070196,Yash Ravisingh Thakur,"December 28, 1998, Kolkata",27y 189d,India,Bowler,-,2026,IPL 2026,PBKS,1,-,-,-,-,-,-,-,-,-,-,-,0,0,2,13.75,24,2/55,2/55,27.50,12.0,0,0,0,,,,
1070196,Yash Ravisingh Thakur,"December 28, 1998, Kolkata",27y 189d,India,Bowler,-,2025,IPL 2025,PBKS,2,-,-,-,-,-,-,-,-,-,-,-,0,0,1,12.15,39,1/39,1/39,79.00,39.0,0,0,0,,,,
1070196,Yash Ravisingh Thakur,"December 28, 1998, Kolkata",27y 189d,India,Bowler,-,2024,IPL 2024,LSG,10,-,-,-,-,-,-,-,-,-,-,-,1,0,11,11.32,213,5/30,5/30,36.54,19.3,0,1,0,,,,
1070196,Yash Ravisingh Thakur,"December 28, 1998, Kolkata",27y 189d,India,Bowler,-,2023,IPL 2023,LSG,9,-,-,-,-,-,-,-,-,-,-,-,1,0,13,9.07,191,4/37,4/37,22.23,14.6,1,0,0,,,,
1206052,Yudhvir Singh Charak,"September 13, 1997, Jammu",28y 295d,India,Bowler,-,2025,IPL 2025,RR,4,-,-,-,-,-,-,-,-,-,-,-,0,0,4,11.90,66,3/47,3/47,32.75,16.5,0,0,0,,,,
1206052,Yudhvir Singh Charak,"September 13, 1997, Jammu",28y 295d,India,Bowler,-,2024,IPL 2024,LSG,2,2,0,21,14,10.50,14,150.00,0,0,1,2,0,0,1,13.00,24,1/24,1/24,52.00,24.0,0,0,0,,,,
1206052,Yudhvir Singh Charak,"September 13, 1997, Jammu",28y 295d,India,Bowler,-,2023,IPL 2023,LSG,3,2,0,1,1,0.50,2,50.00,0,0,0,0,0,0,3,8.75,48,2/19,2/19,23.33,16.0,0,0,0,,,,
