player_id,player_name,birthdate,age,nationality,player_role,batting_style,bowling_style,international_career,year,tournament,team,matches,innings,no,runs,highestscore,batting_average,bf,strikerate,100s,50s,4s,6s,Ct,St,wickets,economy,balls,bbi,bbm,bowl_ave,sr,4w,5w,10w,t20_start,t20_end,odi_start,odi_end
5334,Aaron James Finch,"November 17, 1986, Colac, Victoria",39y 229d,Australia,Top order Batter,Right hand Bat,Slow Left arm Orthodox,2011 - 2022,2022,IPL 2022,KKR,5,5,0,86,58,17.20,61,140.98,0,1,10,3,1,0,-,-,-,-,-,-,-,-,-,-,"January 12, 2011","October 31, 2022","January 11, 2013","September 11, 2022"
5334,Aaron James Finch,"November 17, 1986, Colac, Victoria",39y 229d,Australia,Top order Batter,Right hand Bat,Slow Left arm Orthodox,2011 - 2022,2020/21,IPL 2020/21,RCB,12,12,0,268,52,22.33,241,111.20,0,1,28,8,3,0,-,-,-,-,-,-,-,-,-,-,"January 12, 2011","October 31, 2022","January 11, 2013","September 11, 2022"
5334,Aaron James Finch,"November 17, 1986, Colac, Victoria",39y 229d,Australia,Top order Batter,Right hand Bat,Slow Left arm Orthodox,2011 - 2022,2018,IPL 2018,PBKS,10,9,1,134,46,16.75,100,134.00,0,0,6,8,4,0,-,-,-,-,-,-,-,-,-,-,"January 12, 2011","October 31, 2022","January 11, 2013","September 11, 2022"
5334,Aaron James Finch,"November 17, 1986, Colac, Victoria",39y 229d,Australia,Top order Batter,Right hand Bat,Slow Left arm Orthodox,2011 - 2022,2017,IPL 2017,GL,13,13,1,299,72,24.91,180,166.11,0,2,25,19,5,0,-,-,-,-,-,-,-,-,-,-,"January 12, 2011","October 31, 2022","January 11, 2013","September 11, 2022"
5334,Aaron James Finch,"November 17, 1986, Colac, Victoria",39y 229d,Australia,Top order Batter,Right hand Bat,Slow Left arm Orthodox,2011 - 2022,2016,IPL 2016,GL,13,12,2,393,74,39.30,299,131.43,0,5,45,11,3,0,-,-,-,-,-,-,-,-,-,-,"January 12, 2011","October 31, 2022","January 11, 2013","September 11, 2022"
5334,Aaron James Finch,"November 17, 1986, Colac, Victoria",39y 229d,Australia,Top order Batter,Right hand Bat,Slow Left arm Orthodox,2011 - 2022,2015,IPL 2015,MI,3,3,1,23,10*,11.50,33,69.69,0,0,4,0,0,0,-,-,-,-,-,-,-,-,-,-,"January 12, 2011","October 31, 2022","January 11, 2013","September 11, 2022"
5334,Aaron James Finch,"November 17, 1986, Colac, Victoria",39y 229d,Australia,Top order Batter,Right hand Bat,Slow Left arm Orthodox,2011 - 2022,2014,IPL 2014,SRH,13,13,2,309,88*,28.09,263,117.49,0,2,31,9,6,0,-,-,-,-,-,-,-,-,-,-,"January 12, 2011","October 31, 2022","January 11, 2013","September 11, 2022"
5334,Aaron James Finch,"November 17, 1986, Colac, Victoria",39y 229d,Australia,Top order Batter,Right hand Bat,Slow Left arm Orthodox,2011 - 2022,2013,IPL 2013,PWI,14,14,0,456,67,32.57,336,135.71,0,4,54,16,2,0,1,12.25,24,1/11,1/11,49.00,24.0,0,0,0,"January 12, 2011","October 31, 2022","January 11, 2013","September 11, 2022"
5334,Aaron James Finch,"November 17, 1986, Colac, Victoria",39y 229d,Australia,Top order Batter,Right hand Bat,Slow Left arm Orthodox,2011 - 2022,2012,IPL 2012,DC,2,2,0,55,30,27.50,51,107.84,0,0,8,0,0,0,-,-,-,-,-,-,-,-,-,-,"January 12, 2011","October 31, 2022","January 11, 2013","September 11, 2022"
5334,Aaron James Finch,"November 17, 1986, Colac, Victoria",39y 229d,Australia,Top order Batter,Right hand Bat,Slow Left arm Orthodox,2011 - 2022,2011,IPL 2011,DC,6,6,0,47,25,7.83,46,102.17,0,0,3,3,4,0,0,6.50,12,-,-,-,-,0,0,0,"January 12, 2011","October 31, 2022","January 11, 2013","September 11, 2022"
5334,Aaron James Finch,"November 17, 1986, Colac, Victoria",39y 229d,Australia,Top order Batter,Right hand Bat,Slow Left arm Orthodox,2011 - 2022,2009/10,IPL 2009/10,RR,1,1,0,21,21,21.00,21,100.00,0,0,0,1,0,0,0,4.28,7,-,-,-,-,0,0,0,"January 12, 2011","October 31, 2022","January 11, 2013","September 11, 2022"
459508,Andrew James Tye,"December 12, 1986, Perth, Western Australia",39y 204d,Australia,Bowler,Right hand Bat,Right arm Medium fast,2016 - 2021,2022,IPL 2022,LSG,3,-,-,-,-,-,-,-,-,-,-,-,1,0,2,9.72,66,2/40,2/40,53.50,33.0,0,0,0,"January 29, 2016","August 07, 2021","January 14, 2018","June 19, 2018"
459508,Andrew James Tye,"December 12, 1986, Perth, Western Australia",39y 204d,Australia,Bowler,Right hand Bat,Right arm Medium fast,2016 - 2021,2020/21,IPL 2020/21,RR,1,1,0,6,6,6.00,6,100.00,0,0,0,1,0,0,1,12.50,24,1/50,1/50,50.00,24.0,0,0,0,"January 29, 2016","August 07, 2021","January 14, 2018","June 19, 2018"
459508,Andrew James Tye,"December 12, 1986, Perth, Western Australia",39y 204d,Australia,Bowler,Right hand Bat,Right arm Medium fast,2016 - 2021,2019,IPL 2019,PBKS,6,1,1,0,0*,-,2,0.00,0,0,0,0,2,0,3,10.59,132,1/37,1/37,77.66,44.0,0,0,0,"January 29, 2016","August 07, 2021","January 14, 2018","June 19, 2018"
459508,Andrew James Tye,"December 12, 1986, Perth, Western Australia",39y 204d,Australia,Bowler,Right hand Bat,Right arm Medium fast,2016 - 2021,2018,IPL 2018,PBKS,14,8,2,32,14,5.33,38,84.21,0,0,2,1,5,0,24,8.00,336,4/16,4/16,18.66,14.0,3,0,0,"January 29, 2016","August 07, 2021","January 14, 2018","June 19, 2018"
459508,Andrew James Tye,"December 12, 1986, Perth, Western Australia",39y 204d,Australia,Bowler,Right hand Bat,Right arm Medium fast,2016 - 2021,2017,IPL 2017,GL,6,3,1,53,25,26.50,30,176.66,0,0,4,3,0,0,12,6.71,126,5/17,5/17,11.75,10.5,0,1,0,"January 29, 2016","August 07, 2021","January 14, 2018","June 19, 2018"
1083128,Ankit Soni,"August 02, 1993",32y 336d,India,Allrounder,Right hand Bat,Legbreak,-,2017,IPL 2017,GL,7,3,1,7,7*,3.50,9,77.77,0,0,0,1,1,0,2,7.92,109,1/16,1/16,72.00,54.5,0,0,0,,,,
732291,Basil Thampi,"September 11, 1993, Ernakulam, Kerala",32y 296d,India,Bowler,Right hand Bat,Right arm Fast medium,-,2022,IPL 2022,MI,5,-,-,-,-,-,-,-,-,-,-,-,1,0,5,9.50,96,3/35,3/35,30.40,19.2,0,0,0,,,,
732291,Basil Thampi,"September 11, 1993, Ernakulam, Kerala",32y 296d,India,Bowler,Right hand Bat,Right arm Fast medium,-,2020/21,IPL 2020/21,SRH,1,-,-,-,-,-,-,-,-,-,-,-,0,0,1,11.50,24,1/46,1/46,46.00,24.0,0,0,0,,,,
732291,Basil Thampi,"September 11, 1993, Ernakulam, Kerala",32y 296d,India,Bowler,Right hand Bat,Right arm Fast medium,-,2019,IPL 2019,SRH,3,1,1,1,1*,-,1,100.00,0,0,0,0,0,0,0,9.16,72,-,-,-,-,0,0,0,,,,
732291,Basil Thampi,"September 11, 1993, Ernakulam, Kerala",32y 296d,India,Bowler,Right hand Bat,Right arm Fast medium,-,2018,IPL 2018,SRH,4,2,1,3,3,3.00,6,50.00,0,0,0,0,2,0,5,11.21,61,2/4,2/4,22.80,12.2,0,0,0,,,,
732291,Basil Thampi,"September 11, 1993, Ernakulam, Kerala",32y 296d,India,Bowler,Right hand Bat,Right arm Fast medium,-,2017,IPL 2017,GL,12,5,5,28,13*,-,28,100.00,0,0,1,1,2,0,11,9.49,268,3/29,3/29,38.54,24.3,0,0,0,,,,
37737,Brendon Barrie McCullum,"September 27, 1981, Dunedin, Otago",44y 280d,New Zealand,Wicketkeeper Batter,Right hand Bat,"Right arm Medium, Right arm Offbreak",2002 - 2016,2018,IPL 2018,RCB,6,6,0,127,43,21.16,88,144.31,0,0,16,6,1,0,-,-,-,-,-,-,-,-,-,-,"February 17, 2005","June 23, 2015","January 17, 2002","February 08, 2016"
37737,Brendon Barrie McCullum,"September 27, 1981, Dunedin, Otago",44y 280d,New Zealand,Wicketkeeper Batter,Right hand Bat,"Right arm Medium, Right arm Offbreak",2002 - 2016,2017,IPL 2017,GL,11,11,0,319,72,29.00,217,147.00,0,2,29,18,8,0,-,-,-,-,-,-,-,-,-,-,"February 17, 2005","June 23, 2015","January 17, 2002","February 08, 2016"
37737,Brendon Barrie McCullum,"September 27, 1981, Dunedin, Otago",44y 280d,New Zealand,Wicketkeeper Batter,Right hand Bat,"Right arm Medium, Right arm Offbreak",2002 - 2016,2016,IPL 2016,GL,16,16,0,354,60,22.12,262,135.11,0,1,38,16,0,0,-,-,-,-,-,-,-,-,-,-,"February 17, 2005","June 23, 2015","January 17, 2002","February 08, 2016"
37737,Brendon Barrie McCullum,"September 27, 1981, Dunedin, Otago",44y 280d,New Zealand,Wicketkeeper Batter,Right hand Bat,"Right arm Medium, Right arm Offbreak",2002 - 2016,2015,IPL 2015,CSK,14,14,1,436,100*,33.53,280,155.71,1,2,51,23,2,0,-,-,-,-,-,-,-,-,-,-,"February 17, 2005","June 23, 2015","January 17, 2002","February 08, 2016"
37737,Brendon Barrie McCullum,"September 27, 1981, Dunedin, Otago",44y 280d,New Zealand,Wicketkeeper Batter,Right hand Bat,"Right arm Medium, Right arm Offbreak",2002 - 2016,2014,IPL 2014,CSK,14,14,1,405,71*,31.15,333,121.62,0,3,32,19,6,0,-,-,-,-,-,-,-,-,-,-,"February 17, 2005","June 23, 2015","January 17, 2002","February 08, 2016"
37737,Brendon Barrie McCullum,"September 27, 1981, Dunedin, Otago",44y 280d,New Zealand,Wicketkeeper Batter,Right hand Bat,"Right arm Medium, Right arm Offbreak",2002 - 2016,2013,IPL 2013,KKR,1,1,0,6,6,6.00,7,85.71,0,0,1,0,0,0,-,-,-,-,-,-,-,-,-,-,"February 17, 2005","June 23, 2015","January 17, 2002","February 08, 2016"
37737,Brendon Barrie McCullum,"September 27, 1981, Dunedin, Otago",44y 280d,New Zealand,Wicketkeeper Batter,Right hand Bat,"Right arm Medium, Right arm Offbreak",2002 - 2016,2012,IPL 2012,KKR,12,12,0,289,56,24.08,283,102.12,0,1,37,3,9,6,-,-,-,-,-,-,-,-,-,-,"February 17, 2005","June 23, 2015","January 17, 2002","February 08, 2016"
37737,Brendon Barrie McCullum,"September 27, 1981, Dunedin, Otago",44y 280d,New Zealand,Wicketkeeper Batter,Right hand Bat,"Right arm Medium, Right arm Offbreak",2002 - 2016,2011,IPL 2011,Kochi,13,13,0,357,81,27.46,275,129.81,0,1,35,16,2,0,-,-,-,-,-,-,-,-,-,-,"February 17, 2005","June 23, 2015","January 17, 2002","February 08, 2016"
37737,Brendon Barrie McCullum,"September 27, 1981, Dunedin, Otago",44y 280d,New Zealand,Wicketkeeper Batter,Right hand Bat,"Right arm Medium, Right arm Offbreak",2002 - 2016,2009/10,IPL 2009/10,KKR,5,5,1,114,57*,28.50,110,103.63,0,1,14,2,2,0,-,-,-,-,-,-,-,-,-,-,"February 17, 2005","June 23, 2015","January 17, 2002","February 08, 2016"
37737,Brendon Barrie McCullum,"September 27, 1981, Dunedin, Otago",44y 280d,New Zealand,Wicketkeeper Batter,Right hand Bat,"Right arm Medium, Right arm Offbreak",2002 - 2016,2009,IPL 2009,KKR,13,13,1,285,84*,23.75,239,119.24,0,2,27,12,6,0,-,-,-,-,-,-,-,-,-,-,"February 17, 2005","June 23, 2015","January 17, 2002","February 08, 2016"
37737,Brendon Barrie McCullum,"September 27, 1981, Dunedin, Otago",44y 280d,New Zealand,Wicketkeeper Batter,Right hand Bat,"Right arm Medium, Right arm Offbreak",2002 - 2016,2007/08,IPL 2007/08,KKR,4,4,1,188,158*,62.66,92,204.34,1,0,13,15,1,0,-,-,-,-,-,-,-,-,-,-,"February 17, 2005","June 23, 2015","January 17, 2002","February 08, 2016"
47492,Dale Willem Steyn,"June 27, 1983, Phalaborwa",43y 7d,South Africa,Bowler,Right hand Bat,Right arm Fast,2004 - 2020,2020/21,IPL 2020/21,RCB,3,1,1,1,1*,-,2,50.00,0,0,0,0,0,0,1,11.40,70,1/33,1/33,133.00,70.0,0,0,0,"November 23, 2007","February 21, 2020","August 17, 2005","March 13, 2019"
47492,Dale Willem Steyn,"June 27, 1983, Phalaborwa",43y 7d,South Africa,Bowler,Right hand Bat,Right arm Fast,2004 - 2020,2019,IPL 2019,RCB,2,1,1,0,0*,-,0,-,0,0,0,0,0,0,4,8.62,48,2/29,2/29,17.25,12.0,0,0,0,"November 23, 2007","February 21, 2020","August 17, 2005","March 13, 2019"
47492,Dale Willem Steyn,"June 27, 1983, Phalaborwa",43y 7d,South Africa,Bowler,Right hand Bat,Right arm Fast,2004 - 2020,2016,IPL 2016,GL,1,1,0,1,1,1.00,2,50.00,0,0,0,0,0,0,0,8.50,12,-,-,-,-,0,0,0,"November 23, 2007","February 21, 2020","August 17, 2005","March 13, 2019"
47492,Dale Willem Steyn,"June 27, 1983, Phalaborwa",43y 7d,South Africa,Bowler,Right hand Bat,Right arm Fast,2004 - 2020,2015,IPL 2015,SRH,6,3,2,20,19*,20.00,13,153.84,0,0,3,0,2,0,3,8.94,114,2/38,2/38,56.66,38.0,0,0,0,"November 23, 2007","February 21, 2020","August 17, 2005","March 13, 2019"
47492,Dale Willem Steyn,"June 27, 1983, Phalaborwa",43y 7d,South Africa,Bowler,Right hand Bat,Right arm Fast,2004 - 2020,2014,IPL 2014,SRH,14,4,1,22,12,7.33,26,84.61,0,0,1,0,7,0,11,7.69,336,2/20,2/20,39.18,30.5,0,0,0,"November 23, 2007","February 21, 2020","August 17, 2005","March 13, 2019"
47492,Dale Willem Steyn,"June 27, 1983, Phalaborwa",43y 7d,South Africa,Bowler,Right hand Bat,Right arm Fast,2004 - 2020,2013,IPL 2013,SRH,17,8,6,53,18*,26.50,36,147.22,0,0,5,2,3,0,19,5.66,407,3/11,3/11,20.21,21.4,0,0,0,"November 23, 2007","February 21, 2020","August 17, 2005","March 13, 2019"
47492,Dale Willem Steyn,"June 27, 1983, Phalaborwa",43y 7d,South Africa,Bowler,Right hand Bat,Right arm Fast,2004 - 2020,2012,IPL 2012,DCH,12,6,1,19,7,3.80,21,90.47,0,0,0,1,4,0,18,6.10,280,3/8,3/8,15.83,15.5,0,0,0,"November 23, 2007","February 21, 2020","August 17, 2005","March 13, 2019"
47492,Dale Willem Steyn,"June 27, 1983, Phalaborwa",43y 7d,South Africa,Bowler,Right hand Bat,Right arm Fast,2004 - 2020,2011,IPL 2011,DCH,12,5,1,36,13,9.00,35,102.85,0,0,3,0,1,0,14,6.57,273,3/16,3/16,21.35,19.5,0,0,0,"November 23, 2007","February 21, 2020","August 17, 2005","March 13, 2019"
47492,Dale Willem Steyn,"June 27, 1983, Phalaborwa",43y 7d,South Africa,Bowler,Right hand Bat,Right arm Fast,2004 - 2020,2009/10,IPL 2009/10,RCB,15,4,0,13,8,3.25,17,76.47,0,0,2,0,1,0,15,6.88,354,3/18,3/18,27.06,23.6,0,0,0,"November 23, 2007","February 21, 2020","August 17, 2005","March 13, 2019"
47492,Dale Willem Steyn,"June 27, 1983, Phalaborwa",43y 7d,South Africa,Bowler,Right hand Bat,Right arm Fast,2004 - 2020,2009,IPL 2009,RCB,3,2,1,0,0*,0.00,3,0.00,0,0,0,0,2,0,2,6.88,54,1/21,1/21,31.00,27.0,0,0,0,"November 23, 2007","February 21, 2020","August 17, 2005","March 13, 2019"
47492,Dale Willem Steyn,"June 27, 1983, Phalaborwa",43y 7d,South Africa,Bowler,Right hand Bat,Right arm Fast,2004 - 2020,2007/08,IPL 2007/08,RCB,10,2,1,2,1*,2.00,5,40.00,0,0,0,0,4,0,10,6.63,228,3/27,3/27,25.20,22.8,0,0,0,"November 23, 2007","February 21, 2020","August 17, 2005","March 13, 2019"
277955,Dhawal Sunil Kulkarni,"December 10, 1988, Bombay (now Mumbai), Maharashtra",37y 206d,India,Bowler,Right hand Bat,Right arm Medium,2014 - 2016,2021,IPL 2021,MI,1,1,1,0,0*,-,0,-,0,0,0,0,0,0,0,12.00,24,-,-,-,-,0,0,0,"June 20, 2016","June 22, 2016","September 02, 2014","October 26, 2016"
277955,Dhawal Sunil Kulkarni,"December 10, 1988, Bombay (now Mumbai), Maharashtra",37y 206d,India,Bowler,Right hand Bat,Right arm Medium,2014 - 2016,2020/21,IPL 2020/21,MI,1,1,1,3,3*,-,2,150.00,0,0,0,0,0,0,0,7.33,18,-,-,-,-,0,0,0,"June 20, 2016","June 22, 2016","September 02, 2014","October 26, 2016"
277955,Dhawal Sunil Kulkarni,"December 10, 1988, Bombay (now Mumbai), Maharashtra",37y 206d,India,Bowler,Right hand Bat,Right arm Medium,2014 - 2016,2019,IPL 2019,RR,10,1,1,5,5*,-,3,166.66,0,0,1,0,5,0,6,9.57,210,1/14,1/14,55.83,35.0,0,0,0,"June 20, 2016","June 22, 2016","September 02, 2014","October 26, 2016"
277955,Dhawal Sunil Kulkarni,"December 10, 1988, Bombay (now Mumbai), Maharashtra",37y 206d,India,Bowler,Right hand Bat,Right arm Medium,2014 - 2016,2018,IPL 2018,RR,8,2,1,6,3*,6.00,7,85.71,0,0,0,0,1,0,4,9.47,119,2/32,2/32,47.00,29.7,0,0,0,"June 20, 2016","June 22, 2016","September 02, 2014","October 26, 2016"
277955,Dhawal Sunil Kulkarni,"December 10, 1988, Bombay (now Mumbai), Maharashtra",37y 206d,India,Bowler,Right hand Bat,Right arm Medium,2014 - 2016,2017,IPL 2017,GL,6,1,0,1,1,1.00,2,50.00,0,0,0,0,1,0,3,9.18,113,1/24,1/24,57.66,37.6,0,0,0,"June 20, 2016","June 22, 2016","September 02, 2014","October 26, 2016"
277955,Dhawal Sunil Kulkarni,"December 10, 1988, Bombay (now Mumbai), Maharashtra",37y 206d,India,Bowler,Right hand Bat,Right arm Medium,2014 - 2016,2016,IPL 2016,GL,14,5,3,27,10,13.50,16,168.75,0,0,3,0,2,0,18,7.42,294,4/14,4/14,20.22,16.3,1,0,0,"June 20, 2016","June 22, 2016","September 02, 2014","October 26, 2016"
277955,Dhawal Sunil Kulkarni,"December 10, 1988, Bombay (now Mumbai), Maharashtra",37y 206d,India,Bowler,Right hand Bat,Right arm Medium,2014 - 2016,2015,IPL 2015,RR,11,2,0,4,3,2.00,11,36.36,0,0,0,0,5,0,13,7.91,210,2/9,2/9,21.30,16.1,0,0,0,"June 20, 2016","June 22, 2016","September 02, 2014","October 26, 2016"
277955,Dhawal Sunil Kulkarni,"December 10, 1988, Bombay (now Mumbai), Maharashtra",37y 206d,India,Bowler,Right hand Bat,Right arm Medium,2014 - 2016,2014,IPL 2014,RR,8,2,2,35,28*,-,25,140.00,0,0,1,2,2,0,6,8.18,162,2/23,2/23,36.83,27.0,0,0,0,"June 20, 2016","June 22, 2016","September 02, 2014","October 26, 2016"
277955,Dhawal Sunil Kulkarni,"December 10, 1988, Bombay (now Mumbai), Maharashtra",37y 206d,India,Bowler,Right hand Bat,Right arm Medium,2014 - 2016,2013,IPL 2013,MI,6,-,-,-,-,-,-,-,-,-,-,-,0,0,8,8.08,112,3/19,3/19,18.87,14.0,0,0,0,"June 20, 2016","June 22, 2016","September 02, 2014","October 26, 2016"
277955,Dhawal Sunil Kulkarni,"December 10, 1988, Bombay (now Mumbai), Maharashtra",37y 206d,India,Bowler,Right hand Bat,Right arm Medium,2014 - 2016,2012,IPL 2012,MI,2,1,1,10,10*,-,5,200.00,0,0,2,0,2,0,6,8.00,48,3/18,3/18,10.66,8.0,0,0,0,"June 20, 2016","June 22, 2016","September 02, 2014","October 26, 2016"
277955,Dhawal Sunil Kulkarni,"December 10, 1988, Bombay (now Mumbai), Maharashtra",37y 206d,India,Bowler,Right hand Bat,Right arm Medium,2014 - 2016,2011,IPL 2011,MI,6,2,1,2,2,2.00,4,50.00,0,0,0,0,1,0,5,7.45,120,3/26,3/26,29.80,24.0,0,0,0,"June 20, 2016","June 22, 2016","September 02, 2014","October 26, 2016"
277955,Dhawal Sunil Kulkarni,"December 10, 1988, Bombay (now Mumbai), Maharashtra",37y 206d,India,Bowler,Right hand Bat,Right arm Medium,2014 - 2016,2009/10,IPL 2009/10,MI,1,-,-,-,-,-,-,-,-,-,-,-,0,0,1,10.00,24,1/40,1/40,40.00,24.0,0,0,0,"June 20, 2016","June 22, 2016","September 02, 2014","October 26, 2016"
277955,Dhawal Sunil Kulkarni,"December 10, 1988, Bombay (now Mumbai), Maharashtra",37y 206d,India,Bowler,Right hand Bat,Right arm Medium,2014 - 2016,2009,IPL 2009,MI,8,4,2,9,7*,4.50,17,52.94,0,0,0,0,1,0,5,7.92,156,1/21,1/21,41.20,31.2,0,0,0,"June 20, 2016","June 22, 2016","September 02, 2014","October 26, 2016"
277955,Dhawal Sunil Kulkarni,"December 10, 1988, Bombay (now Mumbai), Maharashtra",37y 206d,India,Bowler,Right hand Bat,Right arm Medium,2014 - 2016,2007/08,IPL 2007/08,MI,10,1,1,2,2*,-,16,12.50,0,0,0,0,2,0,11,8.00,177,3/33,3/33,21.45,16.0,0,0,0,"June 20, 2016","June 22, 2016","September 02, 2014","October 26, 2016"
30045,Krishnakumar Dinesh Karthik,"June 01, 1985, Madras (now Chennai), Tamil Nadu",41y 33d,India,Wicketkeeper Batter,Right hand Bat,Right arm Offbreak,2004 - 2022,2024,IPL 2024,RCB,15,13,4,326,83,36.22,174,187.35,0,2,27,22,4,1,-,-,-,-,-,-,-,-,-,-,"December 01, 2006","November 02, 2022","September 05, 2004","India vs New Zealand  at Manchester - July 09 - 10, 2019"
30045,Krishnakumar Dinesh Karthik,"June 01, 1985, Madras (now Chennai), Tamil Nadu",41y 33d,India,Wicketkeeper Batter,Right hand Bat,Right arm Offbreak,2004 - 2022,2023,IPL 2023,RCB,13,13,1,140,30,11.66,104,134.61,0,0,13,5,8,2,-,-,-,-,-,-,-,-,-,-,"December 01, 2006","November 02, 2022","September 05, 2004","India vs New Zealand  at Manchester - July 09 - 10, 2019"
30045,Krishnakumar Dinesh Karthik,"June 01, 1985, Madras (now Chennai), Tamil Nadu",41y 33d,India,Wicketkeeper Batter,Right hand Bat,Right arm Offbreak,2004 - 2022,2022,IPL 2022,RCB,16,16,10,330,66*,55.00,180,183.33,0,1,27,22,10,2,-,-,-,-,-,-,-,-,-,-,"December 01, 2006","November 02, 2022","September 05, 2004","India vs New Zealand  at Manchester - July 09 - 10, 2019"
30045,Krishnakumar Dinesh Karthik,"June 01, 1985, Madras (now Chennai), Tamil Nadu",41y 33d,India,Wicketkeeper Batter,Right hand Bat,Right arm Offbreak,2004 - 2022,2021,IPL 2021,KKR,17,15,5,223,40,22.30,170,131.17,0,0,22,7,5,2,-,-,-,-,-,-,-,-,-,-,"December 01, 2006","November 02, 2022","September 05, 2004","India vs New Zealand  at Manchester - July 09 - 10, 2019"
30045,Krishnakumar Dinesh Karthik,"June 01, 1985, Madras (now Chennai), Tamil Nadu",41y 33d,India,Wicketkeeper Batter,Right hand Bat,Right arm Offbreak,2004 - 2022,2020/21,IPL 2020/21,KKR,14,14,2,169,58,14.08,134,126.11,0,1,20,4,9,0,-,-,-,-,-,-,-,-,-,-,"December 01, 2006","November 02, 2022","September 05, 2004","India vs New Zealand  at Manchester - July 09 - 10, 2019"
30045,Krishnakumar Dinesh Karthik,"June 01, 1985, Madras (now Chennai), Tamil Nadu",41y 33d,India,Wicketkeeper Batter,Right hand Bat,Right arm Offbreak,2004 - 2022,2019,IPL 2019,KKR,14,13,5,253,97*,31.62,173,146.24,0,2,22,14,7,0,-,-,-,-,-,-,-,-,-,-,"December 01, 2006","November 02, 2022","September 05, 2004","India vs New Zealand  at Manchester - July 09 - 10, 2019"
30045,Krishnakumar Dinesh Karthik,"June 01, 1985, Madras (now Chennai), Tamil Nadu",41y 33d,India,Wicketkeeper Batter,Right hand Bat,Right arm Offbreak,2004 - 2022,2018,IPL 2018,KKR,16,16,6,498,52,49.80,337,147.77,0,2,49,16,14,4,-,-,-,-,-,-,-,-,-,-,"December 01, 2006","November 02, 2022","September 05, 2004","India vs New Zealand  at Manchester - July 09 - 10, 2019"
30045,Krishnakumar Dinesh Karthik,"June 01, 1985, Madras (now Chennai), Tamil Nadu",41y 33d,India,Wicketkeeper Batter,Right hand Bat,Right arm Offbreak,2004 - 2022,2017,IPL 2017,GL,14,13,3,361,65,36.10,259,139.38,0,2,30,11,8,0,-,-,-,-,-,-,-,-,-,-,"December 01, 2006","November 02, 2022","September 05, 2004","India vs New Zealand  at Manchester - July 09 - 10, 2019"
30045,Krishnakumar Dinesh Karthik,"June 01, 1985, Madras (now Chennai), Tamil Nadu",41y 33d,India,Wicketkeeper Batter,Right hand Bat,Right arm Offbreak,2004 - 2022,2016,IPL 2016,GL,16,15,2,335,53,25.76,266,125.93,0,3,38,3,11,3,-,-,-,-,-,-,-,-,-,-,"December 01, 2006","November 02, 2022","September 05, 2004","India vs New Zealand  at Manchester - July 09 - 10, 2019"
30045,Krishnakumar Dinesh Karthik,"June 01, 1985, Madras (now Chennai), Tamil Nadu",41y 33d,India,Wicketkeeper Batter,Right hand Bat,Right arm Offbreak,2004 - 2022,2015,IPL 2015,RCB,16,11,0,141,28,12.81,117,120.51,0,0,15,4,14,4,-,-,-,-,-,-,-,-,-,-,"December 01, 2006","November 02, 2022","September 05, 2004","India vs New Zealand  at Manchester - July 09 - 10, 2019"
30045,Krishnakumar Dinesh Karthik,"June 01, 1985, Madras (now Chennai), Tamil Nadu",41y 33d,India,Wicketkeeper Batter,Right hand Bat,Right arm Offbreak,2004 - 2022,2014,IPL 2014,DC,14,14,0,325,69,23.21,258,125.96,0,3,28,11,7,2,-,-,-,-,-,-,-,-,-,-,"December 01, 2006","November 02, 2022","September 05, 2004","India vs New Zealand  at Manchester - July 09 - 10, 2019"
30045,Krishnakumar Dinesh Karthik,"June 01, 1985, Madras (now Chennai), Tamil Nadu",41y 33d,India,Wicketkeeper Batter,Right hand Bat,Right arm Offbreak,2004 - 2022,2013,IPL 2013,MI,19,19,1,510,86,28.33,411,124.08,0,2,54,14,12,2,-,-,-,-,-,-,-,-,-,-,"December 01, 2006","November 02, 2022","September 05, 2004","India vs New Zealand  at Manchester - July 09 - 10, 2019"
30045,Krishnakumar Dinesh Karthik,"June 01, 1985, Madras (now Chennai), Tamil Nadu",41y 33d,India,Wicketkeeper Batter,Right hand Bat,Right arm Offbreak,2004 - 2022,2012,IPL 2012,MI,17,14,1,238,44,18.30,213,111.73,0,0,30,2,5,2,-,-,-,-,-,-,-,-,-,-,"December 01, 2006","November 02, 2022","September 05, 2004","India vs New Zealand  at Manchester - July 09 - 10, 2019"
30045,Krishnakumar Dinesh Karthik,"June 01, 1985, Madras (now Chennai), Tamil Nadu",41y 33d,India,Wicketkeeper Batter,Right hand Bat,Right arm Offbreak,2004 - 2022,2011,IPL 2011,PBKS,14,13,2,282,69,25.63,220,128.18,0,1,32,7,7,0,-,-,-,-,-,-,-,-,-,-,"December 01, 2006","November 02, 2022","September 05, 2004","India vs New Zealand  at Manchester - July 09 - 10, 2019"
30045,Krishnakumar Dinesh Karthik,"June 01, 1985, Madras (now Chennai), Tamil Nadu",41y 33d,India,Wicketkeeper Batter,Right hand Bat,Right arm Offbreak,2004 - 2022,2009/10,IPL 2009/10,DC,14,14,1,278,69,21.38,237,117.29,0,1,26,6,6,6,-,-,-,-,-,-,-,-,-,-,"December 01, 2006","November 02, 2022","September 05, 2004","India vs New Zealand  at Manchester - July 09 - 10, 2019"
30045,Krishnakumar Dinesh Karthik,"June 01, 1985, Madras (now Chennai), Tamil Nadu",41y 33d,India,Wicketkeeper Batter,Right hand Bat,Right arm Offbreak,2004 - 2022,2009,IPL 2009,DC,15,13,5,288,52,36.00,217,132.71,0,1,20,9,12,5,-,-,-,-,-,-,-,-,-,-,"December 01, 2006","November 02, 2022","September 05, 2004","India vs New Zealand  at Manchester - July 09 - 10, 2019"
30045,Krishnakumar Dinesh Karthik,"June 01, 1985, Madras (now Chennai), Tamil Nadu",41y 33d,India,Wicketkeeper Batter,Right hand Bat,Right arm Offbreak,2004 - 2022,2007/08,IPL 2007/08,DC,13,8,2,145,56*,24.16,107,135.51,0,1,13,4,6,2,-,-,-,-,-,-,-,-,-,-,"December 01, 2006","November 02, 2022","September 05, 2004","India vs New Zealand  at Manchester - July 09 - 10, 2019"
51439,Dwayne John Bravo,"October 07, 1983, Santa Cruz, Trinidad",42y 270d,West Indies,Allrounder,Right hand Bat,Right arm Medium,2004 - 2021,2022,IPL 2022,CSK,10,6,4,23,12,11.50,24,95.83,0,0,1,1,3,0,16,8.70,206,3/20,3/20,18.68,12.8,0,0,0,"February 16, 2006","November 06, 2021","April 18, 2004","October 17, 2014"
51439,Dwayne John Bravo,"October 07, 1983, Santa Cruz, Trinidad",42y 270d,West Indies,Allrounder,Right hand Bat,Right arm Medium,2004 - 2021,2021,IPL 2021,CSK,11,3,2,47,23,47.00,18,261.11,0,0,3,4,2,0,14,7.81,202,3/24,3/24,18.78,14.4,0,0,0,"February 16, 2006","November 06, 2021","April 18, 2004","October 17, 2014"
51439,Dwayne John Bravo,"October 07, 1983, Santa Cruz, Trinidad",42y 270d,West Indies,Allrounder,Right hand Bat,Right arm Medium,2004 - 2021,2020/21,IPL 2020/21,CSK,6,2,0,7,7,3.50,6,116.66,0,0,0,0,1,0,6,8.57,126,3/37,3/37,30.00,21.0,0,0,0,"February 16, 2006","November 06, 2021","April 18, 2004","October 17, 2014"
51439,Dwayne John Bravo,"October 07, 1983, Santa Cruz, Trinidad",42y 270d,West Indies,Allrounder,Right hand Bat,Right arm Medium,2004 - 2021,2019,IPL 2019,CSK,12,9,4,80,27,16.00,66,121.21,0,0,6,3,5,0,11,8.01,247,3/33,3/33,30.00,22.4,0,0,0,"February 16, 2006","November 06, 2021","April 18, 2004","October 17, 2014"
51439,Dwayne John Bravo,"October 07, 1983, Santa Cruz, Trinidad",42y 270d,West Indies,Allrounder,Right hand Bat,Right arm Medium,2004 - 2021,2018,IPL 2018,CSK,16,10,6,141,68,35.25,91,154.94,0,1,8,10,9,0,14,9.96,321,2/16,2/16,38.07,22.9,0,0,0,"February 16, 2006","November 06, 2021","April 18, 2004","October 17, 2014"
51439,Dwayne John Bravo,"October 07, 1983, Santa Cruz, Trinidad",42y 270d,West Indies,Allrounder,Right hand Bat,Right arm Medium,2004 - 2021,2016,IPL 2016,GL,15,13,5,99,22*,12.37,82,120.73,0,0,11,1,6,0,17,8.82,336,4/22,4/22,29.05,19.7,1,0,0,"February 16, 2006","November 06, 2021","April 18, 2004","October 17, 2014"
51439,Dwayne John Bravo,"October 07, 1983, Santa Cruz, Trinidad",42y 270d,West Indies,Allrounder,Right hand Bat,Right arm Medium,2004 - 2021,2015,IPL 2015,CSK,17,14,5,195,62*,21.66,148,131.75,0,1,22,5,13,0,26,8.14,314,3/22,3/22,16.38,12.0,0,0,0,"February 16, 2006","November 06, 2021","April 18, 2004","October 17, 2014"
51439,Dwayne John Bravo,"October 07, 1983, Santa Cruz, Trinidad",42y 270d,West Indies,Allrounder,Right hand Bat,Right arm Medium,2004 - 2021,2014,IPL 2014,CSK,1,1,1,8,8*,-,3,266.66,0,0,0,1,0,0,-,-,-,-,-,-,-,-,-,-,"February 16, 2006","November 06, 2021","April 18, 2004","October 17, 2014"
51439,Dwayne John Bravo,"October 07, 1983, Santa Cruz, Trinidad",42y 270d,West Indies,Allrounder,Right hand Bat,Right arm Medium,2004 - 2021,2013,IPL 2013,CSK,18,12,4,121,23*,15.12,106,114.15,0,0,11,3,14,0,32,7.95,375,4/42,4/42,15.53,11.7,1,0,0,"February 16, 2006","November 06, 2021","April 18, 2004","October 17, 2014"
51439,Dwayne John Bravo,"October 07, 1983, Santa Cruz, Trinidad",42y 270d,West Indies,Allrounder,Right hand Bat,Right arm Medium,2004 - 2021,2012,IPL 2012,CSK,19,16,8,371,48,46.37,264,140.53,0,0,20,20,9,0,15,8.01,346,2/10,2/10,30.80,23.0,0,0,0,"February 16, 2006","November 06, 2021","April 18, 2004","October 17, 2014"
51439,Dwayne John Bravo,"October 07, 1983, Santa Cruz, Trinidad",42y 270d,West Indies,Allrounder,Right hand Bat,Right arm Medium,2004 - 2021,2011,IPL 2011,CSK,6,2,1,11,6*,11.00,6,183.33,0,0,1,1,3,0,6,7.85,120,2/21,2/21,26.16,20.0,0,0,0,"February 16, 2006","November 06, 2021","April 18, 2004","October 17, 2014"
51439,Dwayne John Bravo,"October 07, 1983, Santa Cruz, Trinidad",42y 270d,West Indies,Allrounder,Right hand Bat,Right arm Medium,2004 - 2021,2009/10,IPL 2009/10,MI,10,8,1,61,23,8.71,53,115.09,0,0,3,4,4,0,4,8.71,157,2/11,2/11,57.00,39.2,0,0,0,"February 16, 2006","November 06, 2021","April 18, 2004","October 17, 2014"
51439,Dwayne John Bravo,"October 07, 1983, Santa Cruz, Trinidad",42y 270d,West Indies,Allrounder,Right hand Bat,Right arm Medium,2004 - 2021,2009,IPL 2009,MI,11,10,2,218,70*,27.25,203,107.38,0,2,15,8,7,0,11,7.80,199,3/34,3/34,23.54,18.0,0,0,0,"February 16, 2006","November 06, 2021","April 18, 2004","October 17, 2014"
51439,Dwayne John Bravo,"October 07, 1983, Santa Cruz, Trinidad",42y 270d,West Indies,Allrounder,Right hand Bat,Right arm Medium,2004 - 2021,2007/08,IPL 2007/08,MI,9,7,1,178,64*,29.66,134,132.83,0,1,19,5,4,0,11,8.18,170,3/24,3/24,21.09,15.4,0,0,0,"February 16, 2006","November 06, 2021","April 18, 2004","October 17, 2014"
53118,Dwayne Romel Smith,"April 12, 1983, Storey Gap, Codrington Hill, St Michael, Barbados",43y 83d,West Indies,Allrounder,Right hand Bat,Right arm Medium,2004 - 2015,2017,IPL 2017,GL,12,12,1,239,74,21.72,156,153.20,0,2,32,8,3,0,2,11.38,78,1/10,1/10,74.00,39.0,0,0,0,"February 16, 2006","January 14, 2015","January 25, 2004","March 15, 2015"
53118,Dwayne Romel Smith,"April 12, 1983, Storey Gap, Codrington Hill, St Michael, Barbados",43y 83d,West Indies,Allrounder,Right hand Bat,Right arm Medium,2004 - 2015,2016,IPL 2016,GL,12,12,1,324,73,29.45,221,146.60,0,3,35,16,7,0,8,8.50,108,4/8,4/8,19.12,13.5,1,0,0,"February 16, 2006","January 14, 2015","January 25, 2004","March 15, 2015"
53118,Dwayne Romel Smith,"April 12, 1983, Storey Gap, Codrington Hill, St Michael, Barbados",43y 83d,West Indies,Allrounder,Right hand Bat,Right arm Medium,2004 - 2015,2015,IPL 2015,CSK,16,16,0,399,62,24.93,335,119.10,0,2,52,16,9,0,1,8.50,12,1/17,1/17,17.00,12.0,0,0,0,"February 16, 2006","January 14, 2015","January 25, 2004","March 15, 2015"
53118,Dwayne Romel Smith,"April 12, 1983, Storey Gap, Codrington Hill, St Michael, Barbados",43y 83d,West Indies,Allrounder,Right hand Bat,Right arm Medium,2004 - 2015,2014,IPL 2014,CSK,16,16,0,566,79,35.37,416,136.05,0,5,50,34,5,0,4,9.50,60,1/11,1/11,23.75,15.0,0,0,0,"February 16, 2006","January 14, 2015","January 25, 2004","March 15, 2015"
53118,Dwayne Romel Smith,"April 12, 1983, Storey Gap, Codrington Hill, St Michael, Barbados",43y 83d,West Indies,Allrounder,Right hand Bat,Right arm Medium,2004 - 2015,2013,IPL 2013,MI,13,13,0,418,68,32.15,341,122.58,0,4,40,19,8,0,2,11.80,30,2/20,2/20,29.50,15.0,0,0,0,"February 16, 2006","January 14, 2015","January 25, 2004","March 15, 2015"
53118,Dwayne Romel Smith,"April 12, 1983, Storey Gap, Codrington Hill, St Michael, Barbados",43y 83d,West Indies,Allrounder,Right hand Bat,Right arm Medium,2004 - 2015,2012,IPL 2012,MI,7,6,2,157,87*,39.25,98,160.20,0,1,18,7,1,0,2,7.30,78,1/8,1/8,47.50,39.0,0,0,0,"February 16, 2006","January 14, 2015","January 25, 2004","March 15, 2015"
53118,Dwayne Romel Smith,"April 12, 1983, Storey Gap, Codrington Hill, St Michael, Barbados",43y 83d,West Indies,Allrounder,Right hand Bat,Right arm Medium,2004 - 2015,2009/10,IPL 2009/10,DCH,3,3,1,22,13*,11.00,25,88.00,0,0,1,1,0,0,1,9.39,23,1/22,1/22,36.00,23.0,0,0,0,"February 16, 2006","January 14, 2015","January 25, 2004","March 15, 2015"
53118,Dwayne Romel Smith,"April 12, 1983, Storey Gap, Codrington Hill, St Michael, Barbados",43y 83d,West Indies,Allrounder,Right hand Bat,Right arm Medium,2004 - 2015,2009,IPL 2009,DCH,8,8,0,215,49,26.87,132,162.87,0,0,12,15,6,0,1,8.85,84,1/25,1/25,124.00,84.0,0,0,0,"February 16, 2006","January 14, 2015","January 25, 2004","March 15, 2015"
53118,Dwayne Romel Smith,"April 12, 1983, Storey Gap, Codrington Hill, St Michael, Barbados",43y 83d,West Indies,Allrounder,Right hand Bat,Right arm Medium,2004 - 2015,2007/08,IPL 2007/08,MI,4,3,0,45,20,15.00,40,112.50,0,0,5,1,2,0,5,7.54,66,3/26,3/26,16.60,13.2,0,0,0,"February 16, 2006","January 14, 2015","January 25, 2004","March 15, 2015"
340841,Eklavya Rakesh Dwivedi,"July 22, 1988, Allahabad",37y 347d,India,Wicketkeeper,Right hand Bat,,-,2016,IPL 2016,GL,4,2,0,24,19,12.00,14,171.42,0,0,2,2,2,0,-,-,-,-,-,-,-,-,-,-,,,,
32685,Irfan Khan Pathan,"October 27, 1984, Baroda, Gujarat",41y 250d,India,Allrounder,Left hand Bat,Left arm Medium fast,2003 - 2012,2017,IPL 2017,GL,1,1,0,2,2,2.00,3,66.66,0,0,0,0,0,0,0,13.00,12,-,-,-,-,0,0,0,"December 01, 2006","October 02, 2012","January 09, 2004","August 04, 2012"
32685,Irfan Khan Pathan,"October 27, 1984, Baroda, Gujarat",41y 250d,India,Allrounder,Left hand Bat,Left arm Medium fast,2003 - 2012,2016,IPL 2016,RPS,4,3,0,11,7,3.66,13,84.61,0,0,0,0,1,0,0,7.62,48,-,-,-,-,0,0,0,"December 01, 2006","October 02, 2012","January 09, 2004","August 04, 2012"
32685,Irfan Khan Pathan,"October 27, 1984, Baroda, Gujarat",41y 250d,India,Allrounder,Left hand Bat,Left arm Medium fast,2003 - 2012,2014,IPL 2014,SRH,10,6,4,55,23*,27.50,54,101.85,0,0,5,0,2,0,4,8.66,142,2/10,2/10,51.25,35.5,0,0,0,"December 01, 2006","October 02, 2012","January 09, 2004","August 04, 2012"
32685,Irfan Khan Pathan,"October 27, 1984, Baroda, Gujarat",41y 250d,India,Allrounder,Left hand Bat,Left arm Medium fast,2003 - 2012,2013,IPL 2013,DC,15,13,5,142,24,17.75,152,93.42,0,0,9,3,4,0,10,7.44,308,2/29,2/29,38.20,30.8,0,0,0,"December 01, 2006","October 02, 2012","January 09, 2004","August 04, 2012"
32685,Irfan Khan Pathan,"October 27, 1984, Baroda, Gujarat",41y 250d,India,Allrounder,Left hand Bat,Left arm Medium fast,2003 - 2012,2012,IPL 2012,DC,17,12,5,176,42*,25.14,126,139.68,0,0,14,6,8,0,8,7.75,360,2/46,2/46,58.12,45.0,0,0,0,"December 01, 2006","October 02, 2012","January 09, 2004","August 04, 2012"
32685,Irfan Khan Pathan,"October 27, 1984, Baroda, Gujarat",41y 250d,India,Allrounder,Left hand Bat,Left arm Medium fast,2003 - 2012,2011,IPL 2011,DC,14,12,4,150,44*,18.75,138,108.69,0,0,12,6,4,0,11,7.50,275,3/28,3/28,31.27,25.0,0,0,0,"December 01, 2006","October 02, 2012","January 09, 2004","August 04, 2012"
32685,Irfan Khan Pathan,"October 27, 1984, Baroda, Gujarat",41y 250d,India,Allrounder,Left hand Bat,Left arm Medium fast,2003 - 2012,2009/10,IPL 2009/10,PBKS,14,13,5,276,60,34.50,186,148.38,0,1,21,10,4,0,15,9.19,278,3/24,3/24,28.40,18.5,0,0,0,"December 01, 2006","October 02, 2012","January 09, 2004","August 04, 2012"
32685,Irfan Khan Pathan,"October 27, 1984, Baroda, Gujarat",41y 250d,India,Allrounder,Left hand Bat,Left arm Medium fast,2003 - 2012,2009,IPL 2009,PBKS,14,12,2,196,39,19.60,158,124.05,0,0,17,6,4,0,17,7.74,302,3/35,3/35,22.94,17.7,0,0,0,"December 01, 2006","October 02, 2012","January 09, 2004","August 04, 2012"
32685,Irfan Khan Pathan,"October 27, 1984, Baroda, Gujarat",41y 250d,India,Allrounder,Left hand Bat,Left arm Medium fast,2003 - 2012,2007/08,IPL 2007/08,PBKS,14,10,4,131,40,21.83,116,112.93,0,0,9,6,4,0,15,6.60,318,2/18,2/18,23.33,21.2,0,0,0,"December 01, 2006","October 02, 2012","January 09, 2004","August 04, 2012"
720471,Ishan Pranav Kumar Pandey Kishan,"July 18, 1998, Patna, Bihar",27y 351d,India,Wicketkeeper Batter,Left hand Bat,"Right arm Offbreak, Legbreak",2021 - 2026,2026,IPL 2026,SRH,15,15,0,602,91,40.13,330,182.42,0,6,60,32,9,1,-,-,-,-,-,-,-,-,-,-,"March 14, 2021","July 01, 2026","July 18, 2021","June 20, 2026"
720471,Ishan Pranav Kumar Pandey Kishan,"July 18, 1998, Patna, Bihar",27y 351d,India,Wicketkeeper Batter,Left hand Bat,"Right arm Offbreak, Legbreak",2021 - 2026,2025,IPL 2025,SRH,14,13,3,354,106*,35.40,232,152.58,1,1,33,15,8,0,0,24.00,1,-,-,-,-,0,0,0,"March 14, 2021","July 01, 2026","July 18, 2021","June 20, 2026"
720471,Ishan Pranav Kumar Pandey Kishan,"July 18, 1998, Patna, Bihar",27y 351d,India,Wicketkeeper Batter,Left hand Bat,"Right arm Offbreak, Legbreak",2021 - 2026,2024,IPL 2024,MI,14,14,0,320,69,22.85,215,148.83,0,1,35,16,9,0,-,-,-,-,-,-,-,-,-,-,"March 14, 2021","July 01, 2026","July 18, 2021","June 20, 2026"
720471,Ishan Pranav Kumar Pandey Kishan,"July 18, 1998, Patna, Bihar",27y 351d,India,Wicketkeeper Batter,Left hand Bat,"Right arm Offbreak, Legbreak",2021 - 2026,2023,IPL 2023,MI,16,15,0,454,75,30.26,318,142.76,0,3,54,18,10,3,-,-,-,-,-,-,-,-,-,-,"March 14, 2021","July 01, 2026","July 18, 2021","June 20, 2026"
720471,Ishan Pranav Kumar Pandey Kishan,"July 18, 1998, Patna, Bihar",27y 351d,India,Wicketkeeper Batter,Left hand Bat,"Right arm Offbreak, Legbreak",2021 - 2026,2022,IPL 2022,MI,14,14,1,418,81*,32.15,348,120.11,0,3,45,11,13,0,-,-,-,-,-,-,-,-,-,-,"March 14, 2021","July 01, 2026","July 18, 2021","June 20, 2026"
720471,Ishan Pranav Kumar Pandey Kishan,"July 18, 1998, Patna, Bihar",27y 351d,India,Wicketkeeper Batter,Left hand Bat,"Right arm Offbreak, Legbreak",2021 - 2026,2021,IPL 2021,MI,10,10,1,241,84,26.77,180,133.88,0,2,21,10,3,0,-,-,-,-,-,-,-,-,-,-,"March 14, 2021","July 01, 2026","July 18, 2021","June 20, 2026"
720471,Ishan Pranav Kumar Pandey Kishan,"July 18, 1998, Patna, Bihar",27y 351d,India,Wicketkeeper Batter,Left hand Bat,"Right arm Offbreak, Legbreak",2021 - 2026,2020/21,IPL 2020/21,MI,14,13,4,516,99,57.33,354,145.76,0,4,36,30,1,0,-,-,-,-,-,-,-,-,-,-,"March 14, 2021","July 01, 2026","July 18, 2021","June 20, 2026"
720471,Ishan Pranav Kumar Pandey Kishan,"July 18, 1998, Patna, Bihar",27y 351d,India,Wicketkeeper Batter,Left hand Bat,"Right arm Offbreak, Legbreak",2021 - 2026,2019,IPL 2019,MI,7,6,0,101,28,16.83,100,101.00,0,0,8,4,2,0,-,-,-,-,-,-,-,-,-,-,"March 14, 2021","July 01, 2026","July 18, 2021","June 20, 2026"
720471,Ishan Pranav Kumar Pandey Kishan,"July 18, 1998, Patna, Bihar",27y 351d,India,Wicketkeeper Batter,Left hand Bat,"Right arm Offbreak, Legbreak",2021 - 2026,2018,IPL 2018,MI,14,12,0,275,62,22.91,184,149.45,0,2,22,17,9,2,-,-,-,-,-,-,-,-,-,-,"March 14, 2021","July 01, 2026","July 18, 2021","June 20, 2026"
720471,Ishan Pranav Kumar Pandey Kishan,"July 18, 1998, Patna, Bihar",27y 351d,India,Wicketkeeper Batter,Left hand Bat,"Right arm Offbreak, Legbreak",2021 - 2026,2017,IPL 2017,GL,11,10,0,277,61,27.70,206,134.46,0,1,29,13,3,0,-,-,-,-,-,-,-,-,-,-,"March 14, 2021","July 01, 2026","July 18, 2021","June 20, 2026"
720471,Ishan Pranav Kumar Pandey Kishan,"July 18, 1998, Patna, Bihar",27y 351d,India,Wicketkeeper Batter,Left hand Bat,"Right arm Offbreak, Legbreak",2021 - 2026,2016,IPL 2016,GL,5,5,0,42,27,8.40,41,102.43,0,0,5,0,1,0,-,-,-,-,-,-,-,-,-,-,"March 14, 2021","July 01, 2026","July 18, 2021","June 20, 2026"
270484,James Peter Faulkner,"April 29, 1990, Launceston, Tasmania",36y 66d,Australia,Bowling Allrounder,Right hand Bat,Left arm Fast medium,2012 - 2017,2017,IPL 2017,GL,8,6,2,54,21,13.50,57,94.73,0,0,4,0,3,0,6,9.79,158,2/34,2/34,43.00,26.3,0,0,0,"February 01, 2012","February 22, 2017","February 01, 2013","October 01, 2017"
270484,James Peter Faulkner,"April 29, 1990, Launceston, Tasmania",36y 66d,Australia,Bowling Allrounder,Right hand Bat,Left arm Fast medium,2012 - 2017,2016,IPL 2016,GL,7,5,2,77,32,25.66,59,130.50,0,0,7,0,3,0,2,9.82,102,1/23,1/23,83.50,51.0,0,0,0,"February 01, 2012","February 22, 2017","February 01, 2013","October 01, 2017"
270484,James Peter Faulkner,"April 29, 1990, Launceston, Tasmania",36y 66d,Australia,Bowling Allrounder,Right hand Bat,Left arm Fast medium,2012 - 2017,2015,IPL 2015,RR,13,11,3,144,46,18.00,109,132.11,0,0,12,5,4,0,8,9.46,270,3/26,3/26,53.25,33.7,0,0,0,"February 01, 2012","February 22, 2017","February 01, 2013","October 01, 2017"
270484,James Peter Faulkner,"April 29, 1990, Launceston, Tasmania",36y 66d,Australia,Bowling Allrounder,Right hand Bat,Left arm Fast medium,2012 - 2017,2014,IPL 2014,RR,13,12,8,181,41*,45.25,94,192.55,0,0,8,16,2,0,11,9.74,258,3/11,3/11,38.09,23.4,0,0,0,"February 01, 2012","February 22, 2017","February 01, 2013","October 01, 2017"
270484,James Peter Faulkner,"April 29, 1990, Launceston, Tasmania",36y 66d,Australia,Bowling Allrounder,Right hand Bat,Left arm Fast medium,2012 - 2017,2013,IPL 2013,RR,16,9,4,57,19*,11.40,57,100.00,0,0,5,2,3,0,28,6.75,379,5/16,5/16,15.25,13.5,0,2,0,"February 01, 2012","February 22, 2017","February 01, 2013","October 01, 2017"
270484,James Peter Faulkner,"April 29, 1990, Launceston, Tasmania",36y 66d,Australia,Bowling Allrounder,Right hand Bat,Left arm Fast medium,2012 - 2017,2012,IPL 2012,PBKS,2,2,1,14,11*,14.00,13,107.69,0,0,0,0,1,0,3,9.00,48,2/41,2/41,24.00,16.0,0,0,0,"February 01, 2012","February 22, 2017","February 01, 2013","October 01, 2017"
270484,James Peter Faulkner,"April 29, 1990, Launceston, Tasmania",36y 66d,Australia,Bowling Allrounder,Right hand Bat,Left arm Fast medium,2012 - 2017,2011,IPL 2011,PWI,1,-,-,-,-,-,-,-,-,-,-,-,0,0,1,4.50,12,1/9,1/9,9.00,12.0,0,0,0,"February 01, 2012","February 22, 2017","February 01, 2013","October 01, 2017"
298438,Jason Jonathan Roy,"July 21, 1990, Durban, South Africa",35y 348d,England,Opening Batter,Right hand Bat,,2014 - 2023,2023,IPL 2023,KKR,8,8,0,285,61,35.62,188,151.59,0,2,36,12,2,0,-,-,-,-,-,-,-,-,-,-,"September 07, 2014","July 31, 2022","May 08, 2015","March 06, 2023"
298438,Jason Jonathan Roy,"July 21, 1990, Durban, South Africa",35y 348d,England,Opening Batter,Right hand Bat,,2014 - 2023,2021,IPL 2021,SRH,5,5,0,150,60,30.00,121,123.96,0,1,21,1,3,0,-,-,-,-,-,-,-,-,-,-,"September 07, 2014","July 31, 2022","May 08, 2015","March 06, 2023"
298438,Jason Jonathan Roy,"July 21, 1990, Durban, South Africa",35y 348d,England,Opening Batter,Right hand Bat,,2014 - 2023,2018,IPL 2018,DC,5,5,1,120,91*,30.00,94,127.65,0,1,9,7,4,0,-,-,-,-,-,-,-,-,-,-,"September 07, 2014","July 31, 2022","May 08, 2015","March 06, 2023"
298438,Jason Jonathan Roy,"July 21, 1990, Durban, South Africa",35y 348d,England,Opening Batter,Right hand Bat,,2014 - 2023,2017,IPL 2017,GL,3,3,1,59,31,29.50,40,147.50,0,0,9,1,1,0,-,-,-,-,-,-,-,-,-,-,"September 07, 2014","July 31, 2022","May 08, 2015","March 06, 2023"
317293,Manpreet Singh Gony,"January 04, 1984, Roopnagar, Punjab",42y 181d,India,Bowler,Right hand Bat,Right arm Medium,2008 - 2008,2017,IPL 2017,GL,1,-,-,-,-,-,-,-,-,-,-,-,0,0,0,16.00,12,-,-,-,-,0,0,0,,,"June 25, 2008","June 28, 2008"
317293,Manpreet Singh Gony,"January 04, 1984, Roopnagar, Punjab",42y 181d,India,Bowler,Right hand Bat,Right arm Medium,2008 - 2008,2013,IPL 2013,PBKS,8,5,1,45,42,11.25,25,180.00,0,0,4,3,0,0,7,9.14,168,2/24,2/24,36.57,24.0,0,0,0,,,"June 25, 2008","June 28, 2008"
317293,Manpreet Singh Gony,"January 04, 1984, Roopnagar, Punjab",42y 181d,India,Bowler,Right hand Bat,Right arm Medium,2008 - 2008,2012,IPL 2012,DCH,6,1,0,4,4,4.00,8,50.00,0,0,0,0,1,0,3,8.62,144,1/26,1/26,69.00,48.0,0,0,0,,,"June 25, 2008","June 28, 2008"
317293,Manpreet Singh Gony,"January 04, 1984, Roopnagar, Punjab",42y 181d,India,Bowler,Right hand Bat,Right arm Medium,2008 - 2008,2011,IPL 2011,DCH,3,2,1,0,0*,0.00,2,0.00,0,0,0,0,0,0,4,9.44,54,3/31,3/31,21.25,13.5,0,0,0,,,"June 25, 2008","June 28, 2008"
317293,Manpreet Singh Gony,"January 04, 1984, Roopnagar, Punjab",42y 181d,India,Bowler,Right hand Bat,Right arm Medium,2008 - 2008,2009/10,IPL 2009/10,CSK,3,1,0,2,2,2.00,6,33.33,0,0,0,0,1,0,1,11.50,48,1/33,1/33,92.00,48.0,0,0,0,,,"June 25, 2008","June 28, 2008"
317293,Manpreet Singh Gony,"January 04, 1984, Roopnagar, Punjab",42y 181d,India,Bowler,Right hand Bat,Right arm Medium,2008 - 2008,2009,IPL 2009,CSK,7,3,1,13,7,6.50,7,185.71,0,0,0,2,2,0,5,10.11,102,2/32,2/32,34.40,20.4,0,0,0,,,"June 25, 2008","June 28, 2008"
317293,Manpreet Singh Gony,"January 04, 1984, Roopnagar, Punjab",42y 181d,India,Bowler,Right hand Bat,Right arm Medium,2008 - 2008,2007/08,IPL 2007/08,CSK,16,5,4,35,15*,35.00,23,152.17,0,0,2,3,2,0,17,7.38,360,3/34,3/34,26.05,21.1,0,0,0,,,"June 25, 2008","June 28, 2008"
32965,Munaf Musa Patel,"July 12, 1983, Ikhar, Gujarat",42y 357d,India,Bowler,Right hand Bat,Right arm Medium fast,2006 - 2011,2017,IPL 2017,GL,2,1,0,0,0,0.00,1,0.00,0,0,0,0,0,0,1,8.14,42,1/35,1/35,57.00,42.0,0,0,0,"January 09, 2011","August 31, 2011","April 03, 2006","September 16, 2011"
32965,Munaf Musa Patel,"July 12, 1983, Ikhar, Gujarat",42y 357d,India,Bowler,Right hand Bat,Right arm Medium fast,2006 - 2011,2013,IPL 2013,MI,4,1,1,0,0*,-,0,-,0,0,0,0,0,0,3,9.13,90,3/29,3/29,45.66,30.0,0,0,0,"January 09, 2011","August 31, 2011","April 03, 2006","September 16, 2011"
32965,Munaf Musa Patel,"July 12, 1983, Ikhar, Gujarat",42y 357d,India,Bowler,Right hand Bat,Right arm Medium fast,2006 - 2011,2012,IPL 2012,MI,12,3,3,2,1*,-,7,28.57,0,0,0,0,5,0,15,7.86,280,4/20,4/20,24.46,18.6,2,0,0,"January 09, 2011","August 31, 2011","April 03, 2006","September 16, 2011"
32965,Munaf Musa Patel,"July 12, 1983, Ikhar, Gujarat",42y 357d,India,Bowler,Right hand Bat,Right arm Medium fast,2006 - 2011,2011,IPL 2011,MI,15,1,0,0,0,0.00,1,0.00,0,0,0,0,3,0,22,6.58,326,5/21,5/21,16.27,14.8,0,1,0,"January 09, 2011","August 31, 2011","April 03, 2006","September 16, 2011"
32965,Munaf Musa Patel,"July 12, 1983, Ikhar, Gujarat",42y 357d,India,Bowler,Right hand Bat,Right arm Medium fast,2006 - 2011,2009/10,IPL 2009/10,RR,4,2,1,4,4*,4.00,5,80.00,0,0,0,0,1,0,3,9.07,78,1/20,1/20,39.33,26.0,0,0,0,"January 09, 2011","August 31, 2011","April 03, 2006","September 16, 2011"
32965,Munaf Musa Patel,"July 12, 1983, Ikhar, Gujarat",42y 357d,India,Bowler,Right hand Bat,Right arm Medium fast,2006 - 2011,2009,IPL 2009,RR,11,5,2,33,23*,11.00,26,126.92,0,0,5,0,4,0,16,6.91,209,2/14,2/14,15.06,13.0,0,0,0,"January 09, 2011","August 31, 2011","April 03, 2006","September 16, 2011"
32965,Munaf Musa Patel,"July 12, 1983, Ikhar, Gujarat",42y 357d,India,Bowler,Right hand Bat,Right arm Medium fast,2006 - 2011,2007/08,IPL 2007/08,RR,15,2,2,0,0*,-,1,0.00,0,0,0,0,2,0,14,7.63,330,3/17,3/17,30.00,23.5,0,0,0,"January 09, 2011","August 31, 2011","April 03, 2006","September 16, 2011"
853259,Nathu Bharat Singh,"September 08, 1995, Jaipur",30y 299d,India,Bowler,Right hand Bat,Right arm Medium,-,2017,IPL 2017,GL,2,-,-,-,-,-,-,-,-,-,-,-,0,0,1,3.75,24,1/7,1/7,15.00,24.0,0,0,0,,,,
279545,Pradeep Jaibeer Sangwan,"November 05, 1990, Rasiwas, Delhi",35y 241d,India,Bowler,Right hand Bat,Left arm Medium,-,2022,IPL 2022,GT,3,1,0,2,2,2.00,5,40.00,0,0,0,0,1,0,3,7.22,54,2/19,2/19,21.66,18.0,0,0,0,,,,
279545,Pradeep Jaibeer Sangwan,"November 05, 1990, Rasiwas, Delhi",35y 241d,India,Bowler,Right hand Bat,Left arm Medium,-,2018,IPL 2018,MI,1,1,0,0,0,0.00,4,0.00,0,0,0,0,0,0,0,9.50,12,-,-,-,-,0,0,0,,,,
279545,Pradeep Jaibeer Sangwan,"November 05, 1990, Rasiwas, Delhi",35y 241d,India,Bowler,Right hand Bat,Left arm Medium,-,2017,IPL 2017,GL,5,3,1,2,1*,1.00,4,50.00,0,0,0,0,0,0,5,10.05,108,2/38,2/38,36.20,21.6,0,0,0,,,,
279545,Pradeep Jaibeer Sangwan,"November 05, 1990, Rasiwas, Delhi",35y 241d,India,Bowler,Right hand Bat,Left arm Medium,-,2016,IPL 2016,GL,2,-,-,-,-,-,-,-,-,-,-,-,1,0,0,12.25,24,-,-,-,-,0,0,0,,,,
279545,Pradeep Jaibeer Sangwan,"November 05, 1990, Rasiwas, Delhi",35y 241d,India,Bowler,Right hand Bat,Left arm Medium,-,2013,IPL 2013,KKR,2,1,1,4,4*,-,2,200.00,0,0,1,0,0,0,0,12.75,24,-,-,-,-,0,0,0,,,,
279545,Pradeep Jaibeer Sangwan,"November 05, 1990, Rasiwas, Delhi",35y 241d,India,Bowler,Right hand Bat,Left arm Medium,-,2012,IPL 2012,KKR,1,-,-,-,-,-,-,-,-,-,-,-,0,0,1,10.50,24,1/42,1/42,42.00,24.0,0,0,0,,,,
279545,Pradeep Jaibeer Sangwan,"November 05, 1990, Rasiwas, Delhi",35y 241d,India,Bowler,Right hand Bat,Left arm Medium,-,2009/10,IPL 2009/10,DC,8,2,1,10,6*,10.00,14,71.42,0,0,0,0,1,0,9,8.32,186,3/22,3/22,28.66,20.6,0,0,0,,,,
279545,Pradeep Jaibeer Sangwan,"November 05, 1990, Rasiwas, Delhi",35y 241d,India,Bowler,Right hand Bat,Left arm Medium,-,2009,IPL 2009,DC,13,5,4,6,5*,6.00,10,60.00,0,0,0,0,3,0,15,7.71,280,3/18,3/18,24.00,18.6,0,0,0,,,,
279545,Pradeep Jaibeer Sangwan,"November 05, 1990, Rasiwas, Delhi",35y 241d,India,Bowler,Right hand Bat,Left arm Medium,-,2007/08,IPL 2007/08,DC,7,2,0,2,2,1.00,5,40.00,0,0,0,0,1,0,5,8.95,144,2/29,2/29,43.00,28.8,0,0,0,,,,
30732,Praveenkumar Sakat Singh,"October 02, 1986, Meerut, Uttar Pradesh",39y 275d,India,Bowler,Right hand Bat,Right arm Medium,2007 - 2012,2017,IPL 2017,GL,6,2,1,8,7*,8.00,9,88.88,0,0,0,0,0,0,6,9.15,99,2/22,2/22,25.16,16.5,0,0,0,"February 01, 2008","March 30, 2012","November 18, 2007","March 18, 2012"
30732,Praveenkumar Sakat Singh,"October 02, 1986, Meerut, Uttar Pradesh",39y 275d,India,Bowler,Right hand Bat,Right arm Medium,2007 - 2012,2016,IPL 2016,GL,16,7,3,24,15,6.00,26,92.30,0,0,3,0,2,0,9,7.78,309,2/19,2/19,44.55,34.3,0,0,0,"February 01, 2008","March 30, 2012","November 18, 2007","March 18, 2012"
30732,Praveenkumar Sakat Singh,"October 02, 1986, Meerut, Uttar Pradesh",39y 275d,India,Bowler,Right hand Bat,Right arm Medium,2007 - 2012,2015,IPL 2015,SRH,12,4,1,17,12,5.66,25,68.00,0,0,1,0,3,0,7,9.13,216,2/35,2/35,47.00,30.8,0,0,0,"February 01, 2008","March 30, 2012","November 18, 2007","March 18, 2012"
30732,Praveenkumar Sakat Singh,"October 02, 1986, Meerut, Uttar Pradesh",39y 275d,India,Bowler,Right hand Bat,Right arm Medium,2007 - 2012,2014,IPL 2014,MI,3,1,0,1,1,1.00,2,50.00,0,0,0,0,0,0,3,6.50,72,2/31,2/31,26.00,24.0,0,0,0,"February 01, 2008","March 30, 2012","November 18, 2007","March 18, 2012"
30732,Praveenkumar Sakat Singh,"October 02, 1986, Meerut, Uttar Pradesh",39y 275d,India,Bowler,Right hand Bat,Right arm Medium,2007 - 2012,2013,IPL 2013,PBKS,15,7,1,47,24,7.83,39,120.51,0,0,3,3,1,0,12,6.62,338,2/10,2/10,31.08,28.1,0,0,0,"February 01, 2008","March 30, 2012","November 18, 2007","March 18, 2012"
30732,Praveenkumar Sakat Singh,"October 02, 1986, Meerut, Uttar Pradesh",39y 275d,India,Bowler,Right hand Bat,Right arm Medium,2007 - 2012,2012,IPL 2012,PBKS,16,7,4,35,10,11.66,30,116.66,0,0,2,1,1,0,9,6.88,378,2/15,2/15,48.22,42.0,0,0,0,"February 01, 2008","March 30, 2012","November 18, 2007","March 18, 2012"
30732,Praveenkumar Sakat Singh,"October 02, 1986, Meerut, Uttar Pradesh",39y 275d,India,Bowler,Right hand Bat,Right arm Medium,2007 - 2012,2011,IPL 2011,PBKS,13,7,4,27,15*,9.00,31,87.09,0,0,2,1,2,0,10,7.50,276,2/19,2/19,34.50,27.6,0,0,0,"February 01, 2008","March 30, 2012","November 18, 2007","March 18, 2012"
30732,Praveenkumar Sakat Singh,"October 02, 1986, Meerut, Uttar Pradesh",39y 275d,India,Bowler,Right hand Bat,Right arm Medium,2007 - 2012,2009/10,IPL 2009/10,RCB,12,4,2,4,3*,2.00,8,50.00,0,0,0,0,1,0,10,8.44,270,3/18,3/18,38.00,27.0,0,0,0,"February 01, 2008","March 30, 2012","November 18, 2007","March 18, 2012"
30732,Praveenkumar Sakat Singh,"October 02, 1986, Meerut, Uttar Pradesh",39y 275d,India,Bowler,Right hand Bat,Right arm Medium,2007 - 2012,2009,IPL 2009,RCB,13,8,3,65,14*,13.00,46,141.30,0,0,1,6,1,0,13,7.93,298,3/30,3/30,30.30,22.9,0,0,0,"February 01, 2008","March 30, 2012","November 18, 2007","March 18, 2012"
30732,Praveenkumar Sakat Singh,"October 02, 1986, Meerut, Uttar Pradesh",39y 275d,India,Bowler,Right hand Bat,Right arm Medium,2007 - 2012,2007/08,IPL 2007/08,RCB,13,12,2,112,34,11.20,98,114.28,0,0,10,6,3,0,11,8.19,268,3/23,3/23,33.27,24.3,0,0,0,"February 01, 2008","March 30, 2012","November 18, 2007","March 18, 2012"
587152,Pravin Vijay Tambe,"October 08, 1971, Bombay (now Mumbai), Maharashtra",54y 269d,India,Bowler,Right hand Bat,Legbreak,-,2016,IPL 2016,GL,7,1,1,7,7*,-,19,36.84,0,0,1,0,1,0,5,8.93,96,2/12,2/12,28.60,19.2,0,0,0,,,,
587152,Pravin Vijay Tambe,"October 08, 1971, Bombay (now Mumbai), Maharashtra",54y 269d,India,Bowler,Right hand Bat,Legbreak,-,2015,IPL 2015,RR,10,2,2,3,2*,-,5,60.00,0,0,0,0,1,0,7,7.82,204,2/21,2/21,38.00,29.1,0,0,0,,,,
587152,Pravin Vijay Tambe,"October 08, 1971, Bombay (now Mumbai), Maharashtra",54y 269d,India,Bowler,Right hand Bat,Legbreak,-,2014,IPL 2014,RR,13,2,0,5,3,2.50,9,55.55,0,0,0,0,2,0,15,7.26,294,4/20,4/20,23.73,19.6,1,0,0,,,,
587152,Pravin Vijay Tambe,"October 08, 1971, Bombay (now Mumbai), Maharashtra",54y 269d,India,Bowler,Right hand Bat,Legbreak,-,2013,IPL 2013,RR,3,1,1,3,3*,-,6,50.00,0,0,0,0,0,0,1,8.00,66,1/38,1/38,88.00,66.0,0,0,0,,,,
234675,Ravindrasinh Anirudhsinh Jadeja,"December 06, 1988, Navagam-Khed, Saurashtra",37y 210d,India,Allrounder,Left hand Bat,Slow Left arm Orthodox,2009 - 2026,2026,IPL 2026,RR,14,11,7,266,45*,66.50,197,135.02,0,0,24,5,1,0,10,8.39,198,2/8,2/8,27.70,19.8,0,0,0,"February 10, 2009","June 29, 2024","February 08, 2009","January 18, 2026"
234675,Ravindrasinh Anirudhsinh Jadeja,"December 06, 1988, Navagam-Khed, Saurashtra",37y 210d,India,Allrounder,Left hand Bat,Slow Left arm Orthodox,2009 - 2026,2025,IPL 2025,CSK,14,14,5,301,77*,33.44,222,135.58,0,2,25,10,6,0,10,8.56,227,2/17,2/17,32.40,22.7,0,0,0,"February 10, 2009","June 29, 2024","February 08, 2009","January 18, 2026"
234675,Ravindrasinh Anirudhsinh Jadeja,"December 06, 1988, Navagam-Khed, Saurashtra",37y 210d,India,Allrounder,Left hand Bat,Slow Left arm Orthodox,2009 - 2026,2024,IPL 2024,CSK,14,11,5,267,57*,44.50,187,142.78,0,1,22,8,6,0,8,7.85,282,3/18,3/18,46.12,35.2,0,0,0,"February 10, 2009","June 29, 2024","February 08, 2009","January 18, 2026"
234675,Ravindrasinh Anirudhsinh Jadeja,"December 06, 1988, Navagam-Khed, Saurashtra",37y 210d,India,Allrounder,Left hand Bat,Slow Left arm Orthodox,2009 - 2026,2023,IPL 2023,CSK,16,12,4,190,25*,23.75,133,142.85,0,0,11,9,9,0,20,7.56,342,3/20,3/20,21.55,17.1,0,0,0,"February 10, 2009","June 29, 2024","February 08, 2009","January 18, 2026"
234675,Ravindrasinh Anirudhsinh Jadeja,"December 06, 1988, Navagam-Khed, Saurashtra",37y 210d,India,Allrounder,Left hand Bat,Slow Left arm Orthodox,2009 - 2026,2022,IPL 2022,CSK,10,10,4,116,26*,19.33,98,118.36,0,0,6,5,7,0,5,7.51,198,3/39,3/39,49.60,39.6,0,0,0,"February 10, 2009","June 29, 2024","February 08, 2009","January 18, 2026"
234675,Ravindrasinh Anirudhsinh Jadeja,"December 06, 1988, Navagam-Khed, Saurashtra",37y 210d,India,Allrounder,Left hand Bat,Slow Left arm Orthodox,2009 - 2026,2021,IPL 2021,CSK,16,12,9,227,62*,75.66,156,145.51,0,1,19,9,13,0,13,7.06,294,3/13,3/13,26.61,22.6,0,0,0,"February 10, 2009","June 29, 2024","February 08, 2009","January 18, 2026"
234675,Ravindrasinh Anirudhsinh Jadeja,"December 06, 1988, Navagam-Khed, Saurashtra",37y 210d,India,Allrounder,Left hand Bat,Slow Left arm Orthodox,2009 - 2026,2020/21,IPL 2020/21,CSK,14,11,6,232,50,46.40,135,171.85,0,1,22,11,5,0,6,8.75,218,2/42,2/42,53.00,36.3,0,0,0,"February 10, 2009","June 29, 2024","February 08, 2009","January 18, 2026"
234675,Ravindrasinh Anirudhsinh Jadeja,"December 06, 1988, Navagam-Khed, Saurashtra",37y 210d,India,Allrounder,Left hand Bat,Slow Left arm Orthodox,2009 - 2026,2019,IPL 2019,CSK,16,9,6,106,31*,35.33,88,120.45,0,0,7,4,9,0,15,6.35,324,3/9,3/9,22.86,21.6,0,0,0,"February 10, 2009","June 29, 2024","February 08, 2009","January 18, 2026"
234675,Ravindrasinh Anirudhsinh Jadeja,"December 06, 1988, Navagam-Khed, Saurashtra",37y 210d,India,Allrounder,Left hand Bat,Slow Left arm Orthodox,2009 - 2026,2018,IPL 2018,CSK,16,10,5,89,27*,17.80,74,120.27,0,0,3,4,11,0,11,7.39,246,3/18,3/18,27.54,22.3,0,0,0,"February 10, 2009","June 29, 2024","February 08, 2009","January 18, 2026"
234675,Ravindrasinh Anirudhsinh Jadeja,"December 06, 1988, Navagam-Khed, Saurashtra",37y 210d,India,Allrounder,Left hand Bat,Slow Left arm Orthodox,2009 - 2026,2017,IPL 2017,GL,12,10,6,158,28,39.50,113,139.82,0,0,13,4,2,0,5,9.18,228,2/28,2/28,69.80,45.6,0,0,0,"February 10, 2009","June 29, 2024","February 08, 2009","January 18, 2026"
234675,Ravindrasinh Anirudhsinh Jadeja,"December 06, 1988, Navagam-Khed, Saurashtra",37y 210d,India,Allrounder,Left hand Bat,Slow Left arm Orthodox,2009 - 2026,2016,IPL 2016,GL,15,15,6,191,36*,21.22,177,107.90,0,0,14,4,4,0,8,7.74,241,2/18,2/18,38.87,30.1,0,0,0,"February 10, 2009","June 29, 2024","February 08, 2009","January 18, 2026"
234675,Ravindrasinh Anirudhsinh Jadeja,"December 06, 1988, Navagam-Khed, Saurashtra",37y 210d,India,Allrounder,Left hand Bat,Slow Left arm Orthodox,2009 - 2026,2015,IPL 2015,CSK,17,12,5,132,24,18.85,126,104.76,0,0,7,3,13,0,11,7.73,256,4/11,4/11,30.00,23.2,1,0,0,"February 10, 2009","June 29, 2024","February 08, 2009","January 18, 2026"
234675,Ravindrasinh Anirudhsinh Jadeja,"December 06, 1988, Navagam-Khed, Saurashtra",37y 210d,India,Allrounder,Left hand Bat,Slow Left arm Orthodox,2009 - 2026,2014,IPL 2014,CSK,16,10,5,146,36*,29.20,110,132.72,0,0,9,5,4,0,19,8.15,326,4/12,4/12,23.31,17.1,2,0,0,"February 10, 2009","June 29, 2024","February 08, 2009","January 18, 2026"
234675,Ravindrasinh Anirudhsinh Jadeja,"December 06, 1988, Navagam-Khed, Saurashtra",37y 210d,India,Allrounder,Left hand Bat,Slow Left arm Orthodox,2009 - 2026,2013,IPL 2013,CSK,18,14,6,201,38*,25.12,135,148.88,0,0,17,6,6,0,13,7.48,259,3/20,3/20,24.84,19.9,0,0,0,"February 10, 2009","June 29, 2024","February 08, 2009","January 18, 2026"
234675,Ravindrasinh Anirudhsinh Jadeja,"December 06, 1988, Navagam-Khed, Saurashtra",37y 210d,India,Allrounder,Left hand Bat,Slow Left arm Orthodox,2009 - 2026,2012,IPL 2012,CSK,19,14,2,191,48,15.91,151,126.49,0,0,13,9,2,0,12,7.80,210,5/16,5/16,22.75,17.5,0,1,0,"February 10, 2009","June 29, 2024","February 08, 2009","January 18, 2026"
234675,Ravindrasinh Anirudhsinh Jadeja,"December 06, 1988, Navagam-Khed, Saurashtra",37y 210d,India,Allrounder,Left hand Bat,Slow Left arm Orthodox,2009 - 2026,2011,IPL 2011,Kochi,14,12,3,283,47,31.44,228,124.12,0,0,20,14,1,0,8,7.26,252,2/25,2/25,38.12,31.5,0,0,0,"February 10, 2009","June 29, 2024","February 08, 2009","January 18, 2026"
234675,Ravindrasinh Anirudhsinh Jadeja,"December 06, 1988, Navagam-Khed, Saurashtra",37y 210d,India,Allrounder,Left hand Bat,Slow Left arm Orthodox,2009 - 2026,2009,IPL 2009,RR,13,13,2,295,42,26.81,266,110.90,0,0,21,6,4,0,6,6.47,140,3/15,3/15,25.16,23.3,0,0,0,"February 10, 2009","June 29, 2024","February 08, 2009","January 18, 2026"
234675,Ravindrasinh Anirudhsinh Jadeja,"December 06, 1988, Navagam-Khed, Saurashtra",37y 210d,India,Allrounder,Left hand Bat,Slow Left arm Orthodox,2009 - 2026,2007/08,IPL 2007/08,RR,14,9,2,135,36*,19.28,103,131.06,0,0,11,6,7,0,0,9.69,13,-,-,-,-,0,0,0,"February 10, 2009","June 29, 2024","February 08, 2009","January 18, 2026"
29655,Shadab Bashir Jakati,"November 27, 1980, Vasco da Gama, Goa",45y 219d,India,Bowler,Left hand Bat,Slow Left arm Orthodox,-,2017,IPL 2017,GL,2,-,-,-,-,-,-,-,-,-,-,-,0,0,0,10.40,30,-,-,-,-,0,0,0,,,,
29655,Shadab Bashir Jakati,"November 27, 1980, Vasco da Gama, Goa",45y 219d,India,Bowler,Left hand Bat,Slow Left arm Orthodox,-,2016,IPL 2016,GL,6,1,1,1,1*,-,2,50.00,0,0,0,0,4,0,2,8.90,120,1/13,1/13,89.00,60.0,0,0,0,,,,
29655,Shadab Bashir Jakati,"November 27, 1980, Vasco da Gama, Goa",45y 219d,India,Bowler,Left hand Bat,Slow Left arm Orthodox,-,2014,IPL 2014,RCB,1,-,-,-,-,-,-,-,-,-,-,-,0,0,0,11.18,22,-,-,-,-,0,0,0,,,,
29655,Shadab Bashir Jakati,"November 27, 1980, Vasco da Gama, Goa",45y 219d,India,Bowler,Left hand Bat,Slow Left arm Orthodox,-,2012,IPL 2012,CSK,15,2,2,7,6*,-,12,58.33,0,0,0,0,4,0,9,8.19,246,2/14,2/14,37.33,27.3,0,0,0,,,,
29655,Shadab Bashir Jakati,"November 27, 1980, Vasco da Gama, Goa",45y 219d,India,Bowler,Left hand Bat,Slow Left arm Orthodox,-,2011,IPL 2011,CSK,15,1,1,0,0*,-,0,-,0,0,0,0,9,0,10,7.60,265,2/21,2/21,33.60,26.5,0,0,0,,,,
29655,Shadab Bashir Jakati,"November 27, 1980, Vasco da Gama, Goa",45y 219d,India,Bowler,Left hand Bat,Slow Left arm Orthodox,-,2009/10,IPL 2009/10,CSK,11,2,2,0,0*,-,0,-,0,0,0,0,1,0,13,7.65,228,2/17,2/17,22.38,17.5,0,0,0,,,,
29655,Shadab Bashir Jakati,"November 27, 1980, Vasco da Gama, Goa",45y 219d,India,Bowler,Left hand Bat,Slow Left arm Orthodox,-,2009,IPL 2009,CSK,9,2,1,20,13,20.00,15,133.33,0,0,3,0,3,0,13,7.48,174,4/22,4/22,16.69,13.3,2,0,0,,,,
917213,Shivil Kaushik,"September 07, 1995",30y 300d,India,Bowler,Right hand Bat,Left arm Wrist spin,-,2017,IPL 2017,GL,3,-,-,-,-,-,-,-,-,-,-,-,0,0,0,9.54,66,-,-,-,-,0,0,0,,,,
917213,Shivil Kaushik,"September 07, 1995",30y 300d,India,Bowler,Right hand Bat,Left arm Wrist spin,-,2016,IPL 2016,GL,7,2,1,0,0*,0.00,1,0.00,0,0,0,0,0,0,6,8.34,138,3/20,3/20,32.00,23.0,0,0,0,,,,
1079668,Shubham Sanjay Agarwal,"November 21, 1993, Raigadh, Gujarat",32y 225d,India,,Right hand Bat,Legbreak Googly,-,2017,IPL 2017,GL,1,-,-,-,-,-,-,-,-,-,-,-,1,0,1,10.50,24,1/42,1/42,42.00,24.0,0,0,0,,,,
33335,Suresh Kumar Raina,"November 27, 1986, Muradnagar, Ghaziabad, Uttar Pradesh",39y 219d,India,Middle order Batter,Left hand Bat,Right arm Offbreak,2005 - 2018,2021,IPL 2021,CSK,12,11,2,160,54,17.77,128,125.00,0,1,13,9,7,0,-,-,-,-,-,-,-,-,-,-,"December 01, 2006","July 08, 2018","July 30, 2005","July 17, 2018"
33335,Suresh Kumar Raina,"November 27, 1986, Muradnagar, Ghaziabad, Uttar Pradesh",39y 219d,India,Middle order Batter,Left hand Bat,Right arm Offbreak,2005 - 2018,2019,IPL 2019,CSK,17,17,1,383,59,23.93,314,121.97,0,3,45,9,7,0,0,6.00,6,-,-,-,-,0,0,0,"December 01, 2006","July 08, 2018","July 30, 2005","July 17, 2018"
33335,Suresh Kumar Raina,"November 27, 1986, Muradnagar, Ghaziabad, Uttar Pradesh",39y 219d,India,Middle order Batter,Left hand Bat,Right arm Offbreak,2005 - 2018,2018,IPL 2018,CSK,15,15,3,445,75*,37.08,336,132.44,0,4,46,12,9,0,-,-,-,-,-,-,-,-,-,-,"December 01, 2006","July 08, 2018","July 30, 2005","July 17, 2018"
33335,Suresh Kumar Raina,"November 27, 1986, Muradnagar, Ghaziabad, Uttar Pradesh",39y 219d,India,Middle order Batter,Left hand Bat,Right arm Offbreak,2005 - 2018,2017,IPL 2017,GL,14,14,3,442,84,40.18,307,143.97,0,3,42,13,4,0,1,8.50,72,1/11,1/11,102.00,72.0,0,0,0,"December 01, 2006","July 08, 2018","July 30, 2005","July 17, 2018"
33335,Suresh Kumar Raina,"November 27, 1986, Muradnagar, Ghaziabad, Uttar Pradesh",39y 219d,India,Middle order Batter,Left hand Bat,Right arm Offbreak,2005 - 2018,2016,IPL 2016,GL,15,15,1,399,75,28.50,312,127.88,0,3,39,10,7,0,0,8.20,60,-,-,-,-,0,0,0,"December 01, 2006","July 08, 2018","July 30, 2005","July 17, 2018"
33335,Suresh Kumar Raina,"November 27, 1986, Muradnagar, Ghaziabad, Uttar Pradesh",39y 219d,India,Middle order Batter,Left hand Bat,Right arm Offbreak,2005 - 2018,2015,IPL 2015,CSK,17,17,2,374,62,24.93,305,122.62,0,2,31,16,11,0,2,7.75,72,1/29,1/29,46.50,36.0,0,0,0,"December 01, 2006","July 08, 2018","July 30, 2005","July 17, 2018"
33335,Suresh Kumar Raina,"November 27, 1986, Muradnagar, Ghaziabad, Uttar Pradesh",39y 219d,India,Middle order Batter,Left hand Bat,Right arm Offbreak,2005 - 2018,2014,IPL 2014,CSK,16,16,3,523,87,40.23,359,145.68,0,5,51,19,12,0,1,7.44,108,1/17,1/17,134.00,108.0,0,0,0,"December 01, 2006","July 08, 2018","July 30, 2005","July 17, 2018"
33335,Suresh Kumar Raina,"November 27, 1986, Muradnagar, Ghaziabad, Uttar Pradesh",39y 219d,India,Middle order Batter,Left hand Bat,Right arm Offbreak,2005 - 2018,2013,IPL 2013,CSK,18,17,4,548,100*,42.15,365,150.13,1,4,50,18,10,0,1,11.50,12,1/4,1/4,23.00,12.0,0,0,0,"December 01, 2006","July 08, 2018","July 30, 2005","July 17, 2018"
33335,Suresh Kumar Raina,"November 27, 1986, Muradnagar, Ghaziabad, Uttar Pradesh",39y 219d,India,Middle order Batter,Left hand Bat,Right arm Offbreak,2005 - 2018,2012,IPL 2012,CSK,19,18,1,441,73,25.94,325,135.69,0,1,36,19,11,0,2,7.50,84,1/5,1/5,52.50,42.0,0,0,0,"December 01, 2006","July 08, 2018","July 30, 2005","July 17, 2018"
33335,Suresh Kumar Raina,"November 27, 1986, Muradnagar, Ghaziabad, Uttar Pradesh",39y 219d,India,Middle order Batter,Left hand Bat,Right arm Offbreak,2005 - 2018,2011,IPL 2011,CSK,16,16,2,438,73*,31.28,325,134.76,0,4,36,17,4,0,4,7.30,165,2/0,2/0,50.25,41.2,0,0,0,"December 01, 2006","July 08, 2018","July 30, 2005","July 17, 2018"
33335,Suresh Kumar Raina,"November 27, 1986, Muradnagar, Ghaziabad, Uttar Pradesh",39y 219d,India,Middle order Batter,Left hand Bat,Right arm Offbreak,2005 - 2018,2009/10,IPL 2009/10,CSK,16,16,5,520,83*,47.27,364,142.85,0,4,45,22,10,0,6,7.46,143,1/0,1/0,29.66,23.8,0,0,0,"December 01, 2006","July 08, 2018","July 30, 2005","July 17, 2018"
33335,Suresh Kumar Raina,"November 27, 1986, Muradnagar, Ghaziabad, Uttar Pradesh",39y 219d,India,Middle order Batter,Left hand Bat,Right arm Offbreak,2005 - 2018,2009,IPL 2009,CSK,14,14,0,434,98,31.00,308,140.90,0,2,37,21,7,0,7,5.92,166,2/17,2/17,23.42,23.7,0,0,0,"December 01, 2006","July 08, 2018","July 30, 2005","July 17, 2018"
33335,Suresh Kumar Raina,"November 27, 1986, Muradnagar, Ghaziabad, Uttar Pradesh",39y 219d,India,Middle order Batter,Left hand Bat,Right arm Offbreak,2005 - 2018,2007/08,IPL 2007/08,CSK,16,14,3,421,55*,38.27,295,142.71,0,3,35,18,10,0,1,9.00,20,1/20,1/20,30.00,20.0,0,0,0,"December 01, 2006","July 08, 2018","July 30, 2005","July 17, 2018"
1082859,Tejas Baroka,"February 01, 1996, Pondicherry",30y 153d,India,Bowler,Right hand Bat,Legbreak Googly,-,2017,IPL 2017,GL,1,-,-,-,-,-,-,-,-,-,-,-,0,0,0,9.42,21,-,-,-,-,0,0,0,,,,
