year,player_name,player_id,base_price_in_cr,base_price_usd,status,source_text
2023,Shakib Al Hasan,56143.0,1.5,,sold,"Shakib Al Hasan (Base price INR 1.5 crore) sold to KKR for INR 1.5 crore (USD 150,000)"
2023,Joe Root,303669.0,1.0,,sold,"Joe Root (Base price INR 1 crore) sold to Rajasthan Royals for INR 1 crore (USD 121,000)"
2023,Abdul Basith,1287067.0,,,sold,"Abdul Basith sold to Rajasthan Royals for INR 20 lakh (USD 24,000)"
2023,Raghav Goyal,1350770.0,0.2,,sold,"Raghav Goyal (Base price INR 20 lakh) sold to Mumbai Indians for INR 20 lakh (USD 24,000)"
2023,Yudhvir Singh,1206052.0,0.2,,sold,"Yudhvir Singh (Base price INR 20 lakh) sold to LSG for INR 20 lakh (USD 24,000)"
2023,Naveen-Ul-Haq,793447.0,0.5,,sold,"Naveen-Ul-Haq (Base price INR 50 lakh) sold to LSG for INR 50 lakh (USD 60,000)"
2023,Akash Vasisht,722597.0,0.2,,sold,"Akash Vasisht (Base price INR 20 lakh) sold to Rajasthan Royals for INR 20 lakh (USD 24,000)"
2023,Mandeep Singh,398506.0,0.5,,sold,"Mandeep Singh (Base price INR 50 lakh) sold to KKR for INR 50 lakh (USD 60,000)"
2023,M Ashwin,528067.0,0.2,,sold,"M Ashwin (Base price INR 20 lakh) sold to Rajasthan Royals for INR 20 lakh (USD 24,000)"
2023,KM Asif,1083030.0,0.3,,sold,"KM Asif (Base price INR 30 lakh) sold to Rajasthan Royals for INR 30 lakh(USD 36,000)"
2023,Anmolpreet Singh,851261.0,0.2,,sold,"Anmolpreet Singh (Base price INR 20 lakh) sold to SRH for INR 20 lakh (USD 24,000)"
2023,Adam Zampa,379504.0,1.5,,sold,"Adam Zampa (Base price INR 1.5 crore) sold to INR Rajasthan Royals for INR 1.5 crore (USD 182,000)"
2023,Akeal Hosein,530812.0,1.0,,sold,"Akeal Hosein (Base price INR 1 crore) sold to SRH for INR 1 crore (USD 121,000)"
2023,Litton Das,536936.0,0.5,,sold,"Litton Das (Base price INR 50 lakh) sold to KKR for INR 50 lakh (USD 60,000)"
2023,Rilee Rossouw,318845.0,2.0,,sold,"Rilee Rossouw (Base price INR 2 crore) sold to Delhi Capitals for INR 4.6 crore (USD 560,000)"
2023,Shivam Singh,1273859.0,0.2,,sold,"Shivam Singh (Base price INR 20 lakh) sold to Punjab Kings for INR 20 lakh (USD 24,000)"
2023,Bhagath Varma,1252050.0,0.2,,sold,"Bhagath Varma (Base price INR 20 lakh) sold to CSK for INR 20 lakh (USD 24,000)"
2023,Nehal Wadhera,1151273.0,0.2,,sold,"Nehal Wadhera (Base price INR 20 lakh) sold to Mumbai Indians for INR 20 lakh (USD 24,000)"
2023,Mohit Rathee,1349361.0,0.2,,sold,"Mohit Rathee (Base price INR 20 lakh) sold to Punjab Kings for INR 20 lakh (USD 24,000)"
2023,Ajay Mandal,1059570.0,0.2,,sold,"Ajay Mandal (Base price INR 20 lakh) sold to CSK for INR 20 lakh (USD 24,000)"
2023,Kulwant Khejroliya,1083033.0,0.2,,sold,"Kulwant Khejroliya (Base price INR 20 lakh) sold to KKR for INR 20 lakh (USD 24,0000)"
2023,Sonu Yadav,1048867.0,0.2,,sold,"Sonu Yadav (Base price INR 20 lakh) sold to RCB for INR 20 lakh (USD 24,000)"
2023,Kunal Rathore,1339031.0,0.2,,sold,"Kunal Rathore (Base price INR 20 lakh) sold to RR for INR 20 lakh (USD 24,000)"
2023,Avinash Singh,1346364.0,0.2,,sold,"Avinash Singh (Base price INR 20 lakh) sold to RCB for INR 60 lakh (USD 73,000)"
2023,Nitish Kumar Reddy,1175496.0,0.2,,sold,"Nitish Kumar Reddy (Base price INR 20 lakh) sold to SRH for INR 20 lakh (USD 24,000)"
2023,David Wiese,232292.0,0.2,,sold,"David Wiese (Base price INR 20 lakh) sold to KKR for INR 1 crore (USD 121,000)"
2023,Shams Mulani,1131607.0,0.2,,sold,"Shams Mulani (Base price INR 20 lakh) sold to Mumbai Indians for INR 20 lakh (24,000)"
2023,Swapnil Singh,232292.0,0.2,,sold,"Swapnil Singh (Base price INR 20 lakh) sold to LSG for INR 20 lakh (24,000)"
2023,Mohit Sharma,928067.0,0.5,,sold,"Mohit Sharma (Base price INR 50 lakh) sold to Gujarat Titans for INR 50 lakh (USD 60,000)"
2023,Josh Little,928067.0,0.5,,sold,"Josh Little (Base price INR 50 lakh) sold to Gujarat Titans for INR 4.4 crore (USD 536,000)"
2023,Suyash Sharma,1350792.0,0.2,,sold,"Suyash Sharma (Base price INR 20 lakh) sold to KKR for INR 20 lakh (USD 24,000)"
2023,Rajan Kumar,1339027.0,0.2,,sold,"Rajan Kumar (Base price INR 20 lakh) sold to RCB for INR 70 lakh (USD 85,000)"
2023,Vidwath Kaverappa,1155262.0,0.2,,sold,"Vidwath Kaverappa (Base price INR 20 lakh) sold to Punjab Kings for INR 20 lakh (USD 24,000)"
2023,Vishnu Vinod,732293.0,0.2,,sold,"Vishnu Vinod (Base price INR 20 lakh) sold to Mumbai Indians for INR 20 lakh (USD 24,000)"
2023,Urvil Patel,1131570.0,0.2,,sold,"Urvil Patel (Base price INR 20 lakh) sold to Gujarat Titans for INR 20 lakh (USD 24,000)"
2023,Donovan Ferreira,698315.0,0.2,,sold,"Donovan Ferreira (Base price INR 20 lakh) sold to Rajasthan Royals for INR 50 lakh (USD 60,000)"
2023,Prerak Mankad,956871.0,0.2,,sold,"Prerak Mankad (Base price INR 20 lakh) sold to LSG for INR 20 lakh (USD 24,000)"
2023,Duan Jansen,595954.0,0.2,,sold,"Duan Jansen (Base price INR 20 lakh) sold to Mumbai Indians for INR 20 lakh (USD 24,000)"
2023,Mayank Dagar,942367.0,0.2,,sold,"Mayank Dagar (Base price INR 20 lakh) sold to SRH for INR 1.8 crore (USD 219,000)"
2023,Manoj Bhandage,1057399.0,0.2,,sold,"Manoj Bhandage (Base price INR 20 lakh) sold to RCB for INR 20 lakh (USD 24,000)"
2023,Harpreet Bhatia,340854.0,0.2,,sold,"Harpreet Bhatia (Base price INR 20 lakh) sold to Punjab Kings for INR 40 lakh (USD 48,000)"
2023,Amit Mishra,31107.0,0.5,,sold,"Amit Mishra (Base price INR 50 lakh) sold to LSG for INR 50 lakh (USD 60,000)"
2023,Piyush Chawla,32966.0,0.5,,sold,"Piyush Chawla (Base price INR 50 lakh) sold to Mumbai Indians for INR 50 lakh (USD 60,000)"
2023,Kylie Jamieson,625960.0,1.0,,sold,"Kylie Jamieson (Base price INR 1 crore) sold to CSK for INR 1 crore (USD 121,000)"
2023,Daniel Sams,826901.0,0.75,,sold,"Daniel Sams (Base price INR 75 lakh) sold to LSG for INR 75 lakh (USD 91,000)"
2023,Romario Shepherd,677077.0,0.5,,sold,"Romario Shepherd (Base price INR 50 lakh) sold to LSG for INR 50 lakh (USD 60,000)"
2023,Will Jacks,897549.0,1.5,,sold,"Will Jacks (Base price INR 1.5 crore) sold to RCB for INR 3.2 crore (USD 390,000)"
2023,Manish Pandey,290630.0,1.0,,sold,"Manish Pandey (Base price INR 1 crore) sold to Delhi Capitals for INR 2.4 crore (USD 292,000)"
2023,Himanshu Sharma,1350761.0,0.2,,sold,"Himanshu Sharma (Base price INR 20 lakh) sold to RCB for INR 20 lakh (USD 24,000)"
2023,Mukesh Kumar,926851.0,0.2,,sold,"Mukesh Kumar (Base price INR 20 lakh) sold to Delhi Capitals for INR 5.5 crore (USD 670,000)"
2023,Shivam Mavi,1079848.0,0.4,,sold,"Shivam Mavi (Base price INR 40 lakh) sold to Gujarat Titans for INR 6 crore (USD 731,000) sin"
2023,Yash Thakur,1070196.0,0.2,,sold,"Yash Thakur (Base price INR 20 lakh) sold to LSG for INR 45 lakh (USD 54,000)"
2023,Vaibhav Arora,1209292.0,0.2,,sold,"Vaibhav Arora (Base price INR 20 lakh) sold to KKR for INR 60 lakh (USD 73,000)"
2023,Upendra Yadav,732269.0,0.2,,sold,"Upendra Yadav (Base price INR 20 lakh) sold to SRH for INR 25 lakh (USD 30,000)"
2023,KS Bharat,529436.0,0.2,,sold,"KS Bharat (Base price INR 20 lakh) sold to Gujarat Titans for INR 1.2 crore (USD 146,000)"
2023,N Jagadeesan,1048813.0,0.2,,sold,"N Jagadeesan (Base price INR 20 lakh) sold to KKR for INR 90 lakh (USD 109,000)"
2023,Nishant Sindhu,1292506.0,0.2,,sold,"Nishant Sindhu (Base price INR 20 lakh) sold to CSK for INR 60 lakh (USD 73,000)"
2023,Sanvir Singh,1132219.0,0.2,,sold,"Sanvir Singh (Base price INR 20 lakh) sold to SRH for INR 20 lakh (USD 24,000)"
2023,Samarth Vyas,853859.0,0.2,,sold,"Samarth Vyas (Base price INR 20 lakh) sold to SRH for INR 20 lakh (USD 24,000)"
2023,Vivrant Sharma,1252370.0,0.2,,sold,"Vivrant Sharma (Base price INR 20 lakh) sold to SRH for INR 2.6 crore (USD 317,000)"
2023,Shaik Rasheed,1292497.0,0.2,,sold,"Shaik Rasheed (Base price INR 20 lakh) sold to CSK for INR 20 lakh (USD 24,000)"
2023,Mayank Markande,1081442.0,0.5,,sold,"Mayank Markande (Base price INR 50 lakh) sold to SRH for INR 50 lakh (USD 60,000)"
2023,Adil Rashid,244497.0,2.0,,sold,"Adil Rashid (Base price INR 2 crore) sold to SRH for INR 2 crore (USD 243,000)"
2023,Ishant Sharma,236779.0,0.5,,sold,"Ishant Sharma (Base price INR 50 lakh) sold to Delhi Capitals for INR 50 lakh (USD 60,000)"
2023,Jhye Richardson,774223.0,1.5,,sold,"Jhye Richardson (Base price INR 1.5 crore) sold to Mumbai Indians for INR 1.5 crore (USD 182,000)"
2023,Jaydev Unadkat,390484.0,0.5,,sold,"Jaydev Unadkat (Base price INR 50 lakh) sold to LSG for INR 50 lakh (USD 60,000)"
2023,Reece Topley,461632.0,0.75,,sold,"Reece Topley (Base price INR 75 lakh) sold to RCB for INR 1.9 crore (USD 231,000)"
2023,Phil Salt,669365.0,2.0,,sold,"Phil Salt (Base price INR 2 crore) sold to Delhi Capitals for INR 2 crore (USD 243,000)"
2023,Heinrich Klaasen,436757.0,1.0,,sold,"Heinrich Klaasen (Base price INR 1 crore) sold to SRH for INR 5.25 crore (USD 640,000)"
2023,Nicholas Pooran,604302.0,2.0,,sold,"Nicholas Pooran (Base price INR 2 crore) sold to LSG for INR 16 crore (USD 1,951,000)"
2023,Ben Stokes,311158.0,2.0,,sold,"Ben Stokes (Base price INR 2 crore) sold to CSK for INR 16.25 crore (USD 1,981,000)"
2023,Cameron Green,1076713.0,2.0,,sold,"Cameron Green (Base price INR 2 crore) sold to Mumbai Indians for INR 17.5 crore (USD 2,134,000)"
2023,Jason Holder,391485.0,2.0,,sold,"Jason Holder (Base price INR 2 crore) sold to Rajasthan Royals for INR 5.75 crore (USD 701,000)"
2023,Sikandar Raza,299572.0,0.5,,sold,"Sikandar Raza (Base price INR 50 lakh) sold to Punjab Kings for INR 50 lakh (USD 60,000)"
2023,Odean Smith,8206916.0,0.5,,sold,"Odean Smith (Base price INR 50 lakh) sold to Gujarat Titans for INR 50 lakh (USD 60,000)"
2023,Sam Curran,6629738.0,2.0,,sold,"Sam Curran (Base price INR 2 crore) sold to Punjab Kings for INR 18.5 crore (USD 2,256,000)"
2023,Ajinkya Rahane,277916.0,0.5,,sold,"Ajinkya Rahane (Base price INR 50 lakh) sold to CSK for INR 50 lakh (USD 60,000)"
2023,Mayank Agarwal,398438.0,1.0,,sold,"Mayank Agarwal (Base price INR 1 crore) sold to SRH for INR 8.25 crore (USD 1,006,000)"
2023,Harry Brook,911707.0,1.5,,sold,"Harry Brook (Base price INR 1.5 crore) sold to SRH for INR 13.25 crore (USD 1,615,000)"
2023,Kane Williamson,277906.0,2.0,,sold,"Kane Williamson (Base price INR 2 crore) sold to Gujarat Titans for INR 2 crore (USD 243,000)"
2023,Ekant Sen,977815.0,0.2,,unsold,Ekant Sen (Base price INR 20 lakh)
2023,Prashant Chopra,500135.0,0.2,,unsold,Prashant Chopra (Base price INR 20 lakh)
2023,Luke Wood,573170.0,1.0,,unsold,Luke Wood (Base price INR 1 crore)
2023,Johnson Charles,333066.0,0.5,,unsold,Johnson Charles (Base price INR 50 lakh)
2023,Dilshan Madushanka,793007.0,0.5,,unsold,Dilshan Madushanka (Base price INR 50 lakh)
2023,Tom Curran,550235.0,0.75,,unsold,Tom Curran (Base price INR 75 lakh)
2023,Rehan Ahmed,1263691.0,0.5,,unsold,Rehan Ahmed (Base price INR 50 lakh)
2023,G Ajitesh,1320758.0,0.2,,unsold,G Ajitesh (Base price INR 20 lakh)
2023,Sanjay Yadav,1048841.0,0.2,,unsold,Sanjay Yadav (Base price INR 20 lakh)
2023,Sumeet Verma,390724.0,0.2,,unsold,Sumeet Verma (Base price INR 20 lakh)
2023,Himanshu Bisht,1175434.0,0.2,,unsold,Himanshu Bisht (Base price INR 20 lakh)
2023,Shubhang Hegde,1119008.0,0.2,,unsold,Shubhang Hegde (Base price INR 20 lakh)
2023,Deepesh Nailwal,1350777.0,0.2,,unsold,Deepesh Nailwal (Base price INR 20 lakh)
2023,Trilok Nag,1048807.0,0.2,,unsold,Trilok Nag (Base price INR 20 lakh)
2023,Shubham Kapse,1126969.0,0.2,,unsold,Shubham Kapse (Base price INR 20 lakh)
2023,Utkarsh Singh,1081437.0,0.2,,unsold,Utkarsh Singh (Base price INR 20 lakh)
2023,Jitendar Pal,1209347.0,0.2,,unsold,Jitendar Pal (Base price INR 20 lakh)
2023,B Surya,1320753.0,0.2,,unsold,B Surya (Base price INR 20 lakh)
2023,R Sanjay,807657.0,0.2,,unsold,R Sanjay (Base price INR 20 lakh)
2023,Priyank Panchal,340062.0,0.2,,unsold,Priyank Panchal (Base price INR 20 lakh)
2023,Varun Aaron,360911.0,0.5,,unsold,Varun Aaron (Base price INR 50 lakh)
2023,Richard Gleeson,473191.0,0.5,,unsold,Richard Gleeson (Base price INR 50 lakh)
2023,Jamie Overton,510530.0,2.0,,unsold,Jamie Overton (Base price INR 2 crore)
2023,Yuvraj Chudasama,969367.0,0.2,,unsold,Yuvraj Chudasama (Base price INR 20 lakh)
2023,Tejas Baroka,1082859.0,0.2,,unsold,Tejas Baroka (Base price INR 20 lakh)
2023,Paul van Meekeren,348109.0,0.2,,unsold,Paul van Meekeren (Base price INR 20 lakh)
2023,Akash Singh,1175458.0,0.2,,unsold,Akash Singh (Base price INR 20 lakh)
2023,Karan Shinde,956035.0,0.2,,unsold,Karan Shinde (Base price INR 20 lakh)
2023,B Indrajith,477069.0,0.2,,unsold,B Indrajith (Base price INR 20 lakh)
2023,J Suchith,527663.0,0.2,,unsold,J Suchith (Base price INR 20 lakh)
2023,Suryansh Shedge,1339698.0,0.2,,unsold,Suryansh Shedge (Base price INR 20 lakh)
2023,Wayne Parnell,265564.0,0.75,,unsold,Wayne Parnell (Base price INR 75 lakh)
2023,Will Smeed,1099224.0,0.4,,unsold,Will Smeed (Base price INR 40 lakh)
2023,Blessing Muzarabani,827051.0,0.5,,unsold,Blessing Muzarabani (Base price INR 50 lakh)
2023,Dushmanth Chameera,552152.0,0.5,,unsold,Dushmanth Chameera (Base price INR 50 lakh)
2023,Taskin Ahmed,538506.0,0.5,,unsold,Taskin Ahmed (Base price INR 50 lakh)
2023,Sandeep Sharma,438362.0,0.5,,unsold,Sandeep Sharma (Base price INR 50 lakh)
2023,Riley Meredith,961713.0,1.5,,unsold,Riley Meredith (Base price INR 1.5 crore)
2023,Dasun Shanaka,437316.0,0.5,,unsold,Dasun Shanaka (Base price INR 50 lakh)
2023,Jimmy Neesham,355269.0,2.0,,unsold,Jimmy Neesham (Base price INR 2 crore)
2023,Mohammad Nabi,25913.0,1.0,,unsold,Mohammad Nabi (Base price INR 1 crore)
2023,Daryl Mitchell,381743.0,1.0,,unsold,Daryl Mitchell (Base price INR 1 crore)
2023,Dawid Malan,236489.0,1.5,,unsold,Dawid Malan (Base price INR 1.5 crore)
2023,Travis Head,530011.0,2.0,,unsold,Travis Head (Base price INR 2 crore)
2023,Sherfane Rutherford,914541.0,1.5,,unsold,Sherfane Rutherford (Base price INR 1.5 crore)
2023,Rassie van der Dussen,337790.0,2.0,,unsold,Rassie van der Dussen (Base price INR 2 crore)
2023,Paul Stirling,303427.0,0.5,,unsold,Paul Stirling (Base price INR 50 lakh)
2023,S Midhun,1131619.0,0.2,,unsold,S Midhun (Base price INR 20 lakh)
2023,Shreyas Gopal,344580.0,0.2,,unsold,Shreyas Gopal (Base price INR 20 lakh)
2023,Izharulhaq Naveed,1076473.0,0.2,,unsold,Izharulhaq Naveed (Base price INR 20 lakh)
2023,Chintal Gandhi,1246531.0,0.2,,unsold,Chintal Gandhi (Base price INR 20 lakh)
2023,Lance Morris,1125317.0,0.3,,unsold,Lance Morris (Base price INR 30 lakh)
2023,Mujtaba Yousuf,1175484.0,0.2,,unsold,Mujtaba Yousuf (Base price INR 20 lakh)
2023,Mohammed Azharuddeen,940733.0,0.2,,unsold,Mohammed Azharuddeen (Base price INR 20 lakh)
2023,Dinesh Bana,1292500.0,0.2,,unsold,Dinesh Bana (Base price INR 20 lakh)
2023,Sumit Kumar,820393.0,0.2,,unsold,Sumit Kumar (Base price INR 20 lakh)
2023,Shashank Singh,377534.0,0.2,,unsold,Shashank Singh (Base price INR 20 lakh)
2023,Abhimanyu Easwaran,699491.0,0.2,,unsold,Abhimanyu Easwaran (Base price INR 20 lakh)
2023,Corbin Bosch,805235.0,0.2,,unsold,Corbin Bosch (Base price INR 20 lakh)
2023,Saurabh Kumar,627214.0,0.2,,unsold,Saurabh Kumar (Base price INR 20 lakh)
2023,Priyam Garg,1070180.0,0.2,,unsold,Priyam Garg (Base price INR 20 lakh)
2023,Himmat Singh,805235.0,0.2,,unsold,Himmat Singh (Base price INR 20 lakh)
2023,Rohan Kunnummal,10793828.0,0.2,,unsold,Rohan Kunnummal (Base price INR 20 lakh)
2023,Shubham Khajuria,543078.0,0.2,,unsold,Shubham Khajuria (Base price INR 20 lakh)
2023,LR Chethan,1197718.0,0.2,,unsold,LR Chethan (Base price INR 20 lakh)
2023,Mujeeb Ur Rahman,974109.0,1.0,,unsold,Mujeeb Ur Rahman (Base price INR 1 crore)
2023,Tabraiz Shamsi,379145.0,1.0,,unsold,Tabraiz Shamsi (Base price INR 1 crore)
2023,Kusal Mendis,629074.0,0.5,,unsold,Kusal Mendis (Base price INR 50 lakh)
2023,Tom Banton,8770518.0,2.0,,unsold,Tom Banton (Base price INR 2 crore)
2023,Chris Jordan,288992.0,2.0,,unsold,Chris Jordan (Base price INR 2 crore)
2023,Adam Milne,450860.0,2.0,,unsold,Adam Milne (Base price INR 2 crore)
2012,Brendon McCullum,37737.0,,400000.0,bought,"Brendon McCullum - $900,000 to Kolkata Knight Riders (base price $400,000)"
2012,Ravindra Jadeja,234675.0,,100000.0,bought,Ravindra Jadeja - Maximum purse of $2 million bid by Chennai Super Kings and Deccan Chargers. It goes to a tiebreaker. Bought by Chennai Super Kings for an undi
2012,Muttiah Muralitharan,49636.0,,200000.0,bought,"Muttiah Muralitharan - $220,000 to Royal Challengers Bangalore (base price $200,000)"
2012,Mahela Jayawardene,49289.0,,300000.0,bought,"Mahela Jayawardene - $1.4 million to Delhi Daredevils (base price $300,000)"
2012,Herschelle Gibbs,45224.0,,50000.0,bought,"Herschelle Gibbs - $50,000 to Mumbai Indians (base price $50,000)"
2012,Brad Hodge,5674.0,,200000.0,bought,"Brad Hodge - $475,000 to Rajasthan Royals (base price $200,000)"
2012,Parthiv Patel,32242.0,,200000.0,bought,"Parthiv Patel - $650,000 to Deccan Chargers (base price $200,000)"
2012,Dinesh Chandimal,300628.0,,50000.0,bought,"Dinesh Chandimal - $50,000 to Rajasthan Royals (base price $50,000)"
2012,Andre Russell,276298.0,,50000.0,bought,"Andre Russell - $450,000 to Delhi Daredevils (base price $50,000)"
2012,Mitchell Johnson,6033.0,,300000.0,bought,"Mitchell Johnson - $300,000 to Mumbai Indians (base price $300,000)"
2012,RP Singh,35280.0,,200000.0,bought,"RP Singh - $600,000 to Mumbai Indians (base price $200,000)"
2012,Vinay Kumar,35731.0,,100000.0,bought,"Vinay Kumar - $1 million to Royal Challengers Bangalore (base price $100,000)"
2012,Sreesanth,34274.0,,400000.0,bought,"Sreesanth - $400,000 to Rajasthan Royals (base price $400,000)"
2012,Ramesh Powar,32391.0,,100000.0,bought,"Ramesh Powar - $160,000 to Kings XI Punjab (base price $100,000)"
2012,Brad Hogg,5681.0,,100000.0,bought,"Brad Hogg - $180,000 to Rajasthan Royals (base price $100,000)"
2012,Sunil Narine,230558.0,,50000.0,bought,"Sunil Narine - $700,000 to Kolkata Knight Riders (base price $50,000)"
2012,Robin Peterson,46750.0,,100000.0,bought,"Robin Peterson - $100,000 to Mumbai Indians (base price $100,000)"
2012,Daniel Harris,5583.0,,50000.0,bought,"Daniel Harris - $70,000 to Deccan Chargers (base price 50,000)"
2012,Kevon Cooper,371814.0,,50000.0,bought,"Kevon Cooper - $50,000 to Rajasthan Royals (base price 50,000)"
2012,James Faulkner,270484.0,,100000.0,bought,"James Faulkner - $190,000 to Kings XI Punjab (base price $100,000)"
2012,Azhar Mahmood,39024.0,,100000.0,bought,"Azhar Mahmood - $200,000 to Kings XI Punjab (base price $100,000)"
2012,Thisara Perera,233514.0,,50000.0,bought,"Thisara Perera - $650,000 to Mumbai Indians (base price $50,000)"
2012,Marchant de Lange,393279.0,,50000.0,bought,"Marchant de Lange - $50,000 to Kolkata Knight Riders (base price $50,000)"
2012,Darren Bravo,277472.0,,100000.0,bought,"Darren Bravo - $100,000 to Deccan Chargers (base price $100,000)"
2012,Doug Bracewell,362541.0,,50000.0,bought,"Doug Bracewell - $50,000 to Delhi Daredevils (base price $50,000)"
2012,Chris Gayle,,,,retained,"Chris Gayle - Royal Challengers Bangalore, $550,000"
2012,Sourav Ganguly,,,,retained,"Sourav Ganguly - Pune Warriors, $400,000"
2012,David Miller,,,,retained,"David Miller - Kings XI Punjab, $100,000"
2012,Kevin Pietersen,,,,transferred,Kevin Pietersen - Deccan Chargers to Delhi Daredevils
2012,Andrew McDonald,,,,transferred,Andrew McDonald - Delhi Daredevils to Royal Challengers Bangalore
2012,Dinesh Karthik,,,,transferred,Dinesh Karthik - Kings XI Punjab to Mumbai Indians
2012,Pragyan Ojha,,,,transferred,Pragyan Ojha - Deccan Chargers to Mumbai Indians
2012,R Sathish,,,,transferred,R Sathish - Mumbai Indians to Kings XI Punjab
2012,Harmeet Singh,,,,transferred,Harmeet Singh - Deccan Chargers to Kings XI Punjab
2012,James Anderson,,,300000.0,unsold,"James Anderson - base price $300,000"
2012,Tamim Iqbal,,,50000.0,unsold,"Tamim Iqbal - base price $50,000"
2012,Adrian Barath,,,50000.0,unsold,"Adrian Barath - base price $50,000"
2012,Ramnaresh Sarwan,,,100000.0,unsold,"Ramnaresh Sarwan - base price $100,000"
2012,Ian Bell,,,200000.0,unsold,"Ian Bell - base price $200,000"
2012,Owais Shah,,,200000.0,unsold,"Owais Shah - base price $200,000"
2012,Upul Tharanga,,,50000.0,unsold,"Upul Tharanga - base price $50,000"
2012,VVS Laxman,,,400000.0,unsold,"VVS Laxman - base price $400,000"
2012,Matt Prior,,,200000.0,unsold,"Matt Prior - base price $200,000"
2012,Brendan Taylor,,,100000.0,unsold,"Brendan Taylor - base price $100,000"
2012,Mark Boucher,,,100000.0,unsold,"Mark Boucher - base price $100,000"
2012,Justin Kemp,,,100000.0,unsold,"Justin Kemp - base price $100,000"
2012,Marlon Samuels,,,100000.0,unsold,"Marlon Samuels - base price $100,000"
2012,Steven Smith,,,200000.0,unsold,"Steven Smith - base price $200,000"
2012,Ravi Bopara,,,100000.0,unsold,"Ravi Bopara - base price $100,000"
2012,Luke Wright,,,200000.0,unsold,"Luke Wright - base price $200,000"
2012,Kevin O'Brien,,,50000.0,unsold,"Kevin O'Brien - base price $50,000"
2012,Dwayne Smith,,,100000.0,unsold,"Dwayne Smith - base price $100,000"
2012,Lonwabo Tsotsobe,,,50000.0,unsold,"Lonwabo Tsotsobe - base price $50,000"
2012,VRV Singh,,,100000.0,unsold,"VRV Singh - base price $100,000"
2012,Vernon Philander,,,200000.0,unsold,"Vernon Philander - base price $200,000"
2012,Fidel Edwards,,,100000.0,unsold,"Fidel Edwards - base price $100,000"
2012,Ravi Rampaul,,,100000.0,unsold,"Ravi Rampaul - base price $100,000"
2012,Peter Siddle,,,200000.0,unsold,"Peter Siddle - base price $200,000"
2012,Tim Southee,,,100000.0,unsold,"Tim Southee - base price $100,000"
2012,Graeme Swann,,,400000.0,unsold,"Graeme Swann - base price $400,000"
2012,Rangana Herath,,,50000.0,unsold,"Rangana Herath - base price $50,000"
2012,Ajantha Mendis,,,50000.0,unsold,"Ajantha Mendis - base price $50,000"
2012,Steve O'Keefe,,,100000.0,unsold,"Steve O'Keefe - base price $100,000"
2012,Xavier Doherty,,,100000.0,unsold,"Xavier Doherty - base price $100,000"
2012,Michael Klinger,,,50000.0,unsold,"Michael Klinger - base price $50,000"
2012,Richard Levi,,,50000.0,unsold,"Richard Levi base price $50,000"
2012,Alviro Petersen,,,100000.0,unsold,"Alviro Petersen base price $100,000"
2012,Lendl Simmons,,,50000.0,unsold,"Lendl Simmons base price $50,000"
2012,Farveez Maharoof,,,50000.0,unsold,"Farveez Maharoof - base price $50,000"
2012,Jacob Oram,,,100000.0,unsold,"Jacob Oram - base price $100,000"
2012,Moises Henriques,,,50000.0,unsold,"Moises Henriques - base price $50,000"
2012,Ben Laughlin,,,50000.0,unsold,"Ben Laughlin - base price $50,000"
2012,Ryan McLaren,,,100000.0,unsold,"Ryan McLaren - base price $100,000"
2012,Nicky Boje,,,200000.0,unsold,"Nicky Boje - base price $200,000"
2012,Jacques Rudolph,,,20000.0,unsold,"Jacques Rudolph - base price $20,000"
2012,Andy McKay,,,50000.0,unsold,"Andy McKay - base price $50,000"
2012,Alister McDermott,,,20000.0,unsold,"Alister McDermott - base price $20,000"
2012,Michael Neser,,,50000.0,unsold,"Michael Neser - base price $50,000"
2022,Aman Khan,1119011.0,0.2,,sold,Aman Khan (Base price INR 20 lakh) sold to Kolkata Knight Riders for INR 20 lakh
2022,David Willey,308251.0,2.0,,sold,David Willey (Base price INR 2 crore) sold to Royal Challengers Bangalore for INR 2 crore
2022,Fabian Allen,670013.0,0.75,,sold,Fabian Allen (Base price INR 75 lakh) sold to Mumbai Indians for INR 75 lakh
2022,Luvnith Sisodia,1155253.0,0.2,,sold,Luvnith Sisodia (Base price INR 20 lakh) sold to Royal Challengers Bangalore for INR 20 lakh
2022,Aryan Juyal,1130300.0,0.2,,sold,Aryan Juyal (Base price INR 20 lakh) sold to Mumbai Indians for INR 20 lakh
2022,B Sai Sudharsan,1151288.0,0.2,,sold,B Sai Sudharsan (Base price INR 20 lakh) sold to Gujarat Titans at INR 20 lakh
2022,Siddarth Kaul,326017.0,0.75,,sold,Siddarth Kaul (Base price INR 75 lakh) sold to Royal Challengers Bangalore for INR 75 lakh
2022,Daryl Mitchell,381743.0,0.75,,sold,Daryl Mitchell (Base price INR 75 lakh) sold to Rajasthan Royals for INR 75 lakh
2022,Rassie van der Dussen,337790.0,1.0,,sold,Rassie van der Dussen (Base price INR 1 crore) sold to Rajasthan Royals for INR 1 crore
2022,Vicky Ostwal,1292520.0,0.2,,sold,Vicky Ostwal (Base price INR 20 lakh) sold to Delhi Capitals for INR 20 lakh
2022,Nathan Coulter-Nile,261354.0,2.0,,sold,Nathan Coulter-Nile (Base price INR 2 crore) sold to Rajasthan Royals for INR 2 crore
2022,Jimmy Neesham,355269.0,1.5,,sold,Jimmy Neesham (Base price INR 1.5 crore) sold to Rajasthan Royals for INR 1.5 crore
2022,Umesh Yadav,376116.0,2.0,,sold,Umesh Yadav (Base price INR 2 crore) sold to Kolkata Knight Riders for INR 2 crore
2022,Mohammad Nabi,25913.0,1.0,,sold,Mohammad Nabi (Base price INR 1 crore) sold to Kolkata Knight Riders for INR 1 crore
2022,Shubham Garhwal,1287019.0,0.2,,sold,Shubham Garhwal (Base price INR 20 lakh) sold to Rajasthan Royals for INR 20 lakh
2022,Arjun Tendulkar,1148776.0,0.2,,sold,Arjun Tendulkar (Base price INR 20 lakh) sold to Mumbai Indians for INR 30 lakh
2022,K Bhagath Varma,1252050.0,0.2,,sold,K Bhagath Varma (Base price INR 20 lakh) sold to Chennai Super Kings for INR 20 lakh
2022,Hrithik Shokeen,1175423.0,0.2,,sold,Hrithik Shokeen (Base price INR 20 lakh) sold to Mumbai Indians for INR 20 lakh
2022,Ramesh Kumar,1299848.0,0.2,,sold,Ramesh Kumar (Base price INR 20 lakh) sold to Kolkata Knight Riders for INR 20 lakh
2022,Varun Aaron,360911.0,0.5,,sold,Varun Aaron (Base price INR 50 lakh) sold to Gujarat Titans for INR 50 lakh
2022,Kuldip Yadav,1206495.0,0.2,,sold,Kuldip Yadav (Base price INR 20 lakh) sold to Rajasthan Royals for INR 20 lakh
2022,Benny Howell,211748.0,0.4,,sold,Benny Howell (Base price INR 40 lakh) sold to Punjab Kings for INR 40 lakh
2022,Rahul Buddhi,1212693.0,0.2,,sold,Rahul Buddhi (Base price INR 20 lakh) sold to Mumbai Indians for INR 20 lakh
2022,Tim Southee,232364.0,1.5,,sold,Tim Southee (Base price INR 1.5 crore) sold to Kolkata Knight Riders for INR 1.5 crore
2022,Gurkeerat Singh,537124.0,0.5,,sold,Gurkeerat Singh (Base price INR 50 lakh) sold to Gujarat Titans for INR 50 lakh
2022,Bhanuka Rajapaksa,342619.0,0.5,,sold,Bhanuka Rajapaksa (Base price INR 50 lakh) sold to Punjab Kings for INR 50 lakh
2022,Tejas Baroka,1082859.0,0.2,,sold,Tejas Baroka (Base price INR 20 lakh) sold to Rajasthan Royals for INR 20 lakh
2022,Mayank Yadav,1292563.0,0.2,,sold,Mayank Yadav (Base price INR 20 lakh) sold to Lucknow Super Giants for INR 20 lakh
2022,Dhruv Jurel,1175488.0,0.2,,sold,Dhruv Jurel (Base price INR 20 lakh) sold to Rajasthan Royals for INR 20 lakh
2022,Atharva Taide,1125958.0,0.2,,sold,Atharva Taide (Base price INR 20 lakh) sold to Punjab Kings for INR 20 lakh
2022,Ramandeep Singh,1079470.0,0.2,,sold,Ramandeep Singh (Base price INR 20 lakh) sold to Mumbai Indians for INR 20 lakh
2022,Fazalhaq Farooqi,974175.0,0.5,,sold,Fazalhaq Farooqi (Base price INR 50 lakh) sold to Sunrisers Hyderabad for INR 50 lakh
2022,Nathan Ellis,826915.0,0.75,,sold,Nathan Ellis (Base price INR 75 lakh) sold to Punjab Kings for INR 75 lakh
2022,Tim Seifert,625964.0,0.5,,sold,Tim Seifert (Base price INR 50 lakh) sold to Delhi Capitals for INR 50 lakh
2022,Glenn Phillips,823509.0,1.5,,sold,Glenn Phillips (Base price INR 1.5 crore) sold to Sunrisers Hyderabad for INR 1.5 crore
2022,Karun Nair,398439.0,0.5,,sold,Karun Nair (Base price INR 50 lakh) sold to Rajasthan Royals for INR 1.4 crore
2022,Evin Lewis,431901.0,2.0,,sold,Evin Lewis (Base price INR 2 crore) sold to Lucknow Super Giants for INR 2 crore
2022,Alex Hales,249866.0,1.5,,sold,Alex Hales (Base price INR 1.5 crore) sold to Kolkata Knight Riders for INR 1.5 crore
2022,Kuldeep Sen,1163695.0,0.2,,sold,Kuldeep Sen (Base price INR 20 lakh) sold to Rajasthan Royals for INR 20 lakh
2022,Karn Sharma,30288.0,0.5,,sold,Karn Sharma (Base price INR 50 lakh) sold to Rajasthan Royals for INR 50 lakh
2022,Lungi Ngidi,542023.0,0.5,,sold,Lungi Ngidi (Base price INR 50 lakh) sold to Delhi Capitals for INR 50 lakh
2022,Chris Jordan,288992.0,2.0,,sold,Chris Jordan (Base price INR 2 crore) sold to Chennai Super Kings for INR 3.6 crore
2022,Vishnu Vinod,732293.0,0.2,,sold,Vishnu Vinod (Base price INR 20 lakh) sold to Sunrisers Hyderabad for INR 50 lakh
2022,N Jagadeesan,1048813.0,0.2,,sold,N Jagadeesan (Base price INR 20 lakh) sold to Chennai Super Kings for INR 20 lakh
2022,Anmolpreet Singh,851261.0,0.2,,sold,Anmolpreet Singh (Base price INR 20 lakh) sold to Mumbai Indians for INR 20 lakh
2022,C Hari Nishaanth,1048847.0,0.2,,sold,C Hari Nishaanth (Base price INR 20 lakh) sold to Chennai Super Kings for INR 20 lakh
2022,Matthew Wade,230193.0,2.0,,sold,Matthew Wade (Base price INR 2 crore) sold to Gujarat Titans for INR 2.4 crore
2022,Wriddhiman Saha,279810.0,1.0,,sold,Wriddhiman Saha (Base price INR 1 crore) sold to Gujarat Titans for INR 1.9 crore
2022,Sam Billings,297628.0,2.0,,sold,Sam Billings (Base price INR 2 crore) sold to Kolkata Knight Riders for INR 2 crore
2022,David Miller,321777.0,1.0,,sold,David Miller (Base price INR 1 crore) sold to Gujarat Titans for INR 3 crore
2022,Anunay Singh,1159816.0,0.2,,sold,Anunay Singh (Base price INR 20 lakh) sold to Rajasthan Royals for INR 20 lakh
2022,Ashok Sharma,1299879.0,0.2,,sold,Ashok Sharma (Base price INR 20 lakh) sold to Kolkata Knight Riders for INR 55 lakh
2022,Ansh Patel,1216149.0,0.2,,sold,Ansh Patel (Base price INR 20 lakh) sold to Punjab Kings for INR 20 lakh
2022,Mohammad Arshad Khan,1244751.0,0.2,,sold,Mohammad Arshad Khan (Base price INR 20 lakh) sold to Mumbai Indians for INR 20 lakh
2022,Saurabh Dubey,1206492.0,0.2,,sold,Saurabh Dubey (Base price INR 20 lakh) sold to Sunrisers Hyderabad for INR 20 lakh
2022,Baltej Dhanda,527292.0,0.2,,sold,Baltej Dhanda (Base price INR 20 lakh) sold to Punjab Kings for INR 20 lakh
2022,Karan Sharma,1246518.0,0.2,,sold,Karan Sharma (Base price INR 20 lakh) sold to Lucknow Super Giants for INR 20 lakh
2022,Kyle Mayers,348056.0,0.5,,sold,Kyle Mayers (Base price INR 50 lakh) sold to Lucknow Super Giants for INR 50 lakh
2022,Shashank Singh,377534.0,0.2,,sold,Shashank Singh (Base price INR 20 lakh) sold to Sunrisers Hyderabad for INR 20 lakh
2022,Pratham Singh,1083464.0,0.2,,sold,Pratham Singh (Base price INR 20 lakh) sold to Kolkata Knight Riders for INR 20 lakh
2022,Writtick Chatterjee,699493.0,0.2,,sold,Writtick Chatterjee (Base price INR 20 lakh) sold to Punjab KIngs for INR 20 lakh
2022,Pradeep Sangwan,279545.0,0.2,,sold,Pradeep Sangwan (Base price INR 20 lakh) sold to Gujarat Titans for INR 20 lakh
2022,Abhijeet Tomar,1081183.0,0.2,,sold,Abhijeet Tomar (Base price INR 20 lakh) sold to Kolkata Knight Riders for INR 40 lakh
2022,R Samarth,474512.0,0.2,,sold,R Samarth (Base price INR 20 lakh) sold to Sunrisers Hyderabad for INR 20 lakh
2022,Chamika Karunaratne,623695.0,0.5,,sold,Chamika Karunaratne (Base price INR 50 lakh) sold to Kolkata Knight Riders for INR 50 lakh
2022,Baba Indrajith,477069.0,0.2,,sold,Baba Indrajith (Base price INR 20 lakh) sold to Kolkata Knight Riders for INR 20 lakh
2022,Aneeshwar Gautam,1292513.0,0.2,,sold,Aneeshwar Gautam (Base price INR 20 lakh) sold to Royal Challengers Bangalore for INR 20 lakh
2022,Ayush Badoni,1151270.0,0.2,,sold,Ayush Badoni (Base price INR 20 lakh) sold to Lucknow Super Giants for INR 20 lakh
2022,Riley Meredith,961713.0,1.0,,sold,Riley Meredith (Base price INR 1 crore) sold to Mumbai Indians at INR 1 crore
2022,Alzarri Joseph,670031.0,0.75,,sold,Alzarri Joseph (Base price INR 75 lakh) sold to Gujarat Titans for 2.4 crore
2022,Sean Abbott,398666.0,0.75,,sold,Sean Abbott (Base price INR 75 lakh) sold to Sunrisers Hyderabad for INR 2.4 crore
2022,Prashant Solanki,1252337.0,0.2,,sold,Prashant Solanki (Base price INR 20 lakh) sold to Chennai Super Kings for INR 1.2 crore
2022,Chama Milind,604616.0,0.2,,sold,Chama Milind (Base price INR 20 lakh) sold to Royal Challengers Bangalore for INR 25 lakh
2022,Mohsin Khan,1132005.0,0.2,,sold,Mohsin Khan (Base price INR 20 lakh) sold to Lucknow Super Giants for INR 20 lakh
2022,Rasikh Salam Dar,1161489.0,0.2,,sold,Rasikh Salam Dar (Base price INR 20 lakh) sold to Kolkata Knight Riders for INR 20 lakh
2022,Mukesh Choudhary,1125688.0,0.2,,sold,Mukesh Choudhary (Base price INR 20 lakh) sold to Chennai Super Kings for INR 20 lakh
2022,Vaibhav Arora,1209292.0,0.2,,sold,Vaibhav Arora (Base price INR 20 lakh) sold to Punjab Kings for INR 2 crore
2022,Suyash Prabhudessai,1083851.0,0.2,,sold,Suyash Prabhudessai (Base price INR 20 lakh) sold to Royal Challengers Bangalore for INR 30 lakh
2022,Prerak Mankad,956871.0,0.2,,sold,Prerak Mankad (Base price INR 20 lakh) sold to Punjab Kings for INR 20 lakh
2022,Praveen Dubey,777515.0,0.2,,sold,Praveen Dubey (Base price INR 20 lakh) sold to Delhi Capitals for INR 50 lakh
2022,Tim David,892749.0,0.4,,sold,Tim David (Base price INR 40 lakh) sold to Mumbai Indians for INR 8.25 crore
2022,Subhranshu Senapati,1059577.0,0.2,,sold,Subhranshu Senapati (Base price INR 20 lakh) sold to Chennai Super Kings for INR 20 lakh
2022,Adam Milne,450860.0,1.5,,sold,Adam Milne (Base price INR 1.5 crore) sold to Chennai Super Kings for INR 1.9 crore
2022,Tymal Mills,459257.0,1.0,,sold,Tymal Mills (Base price INR 1 crore) sold to Mumbai Indians for 1.5 crore
2022,Obed McCoy,906783.0,0.75,,sold,Obed McCoy (Base price INR 75 lakh) sold to Rajasthan Royals for INR 75 lakh
2022,Jason Behrendorff,272477.0,0.75,,sold,Jason Behrendorff (Base price INR 75 lakh) sold to Royal Challengers Bangalore for INR 75 lakh
2022,Romario Shepherd,677077.0,0.75,,sold,Romario Shepherd (Base price INR 75 lakh) sold to Sunrisers Hyderabad for INR 7.75 crore
2022,Mitchell Santner,502714.0,1.0,,sold,Mitchell Santner (Base price INR 1 crore) sold to Chennai Super Kings for INR 1.9 crore
2022,Daniel Sams,826901.0,1.0,,sold,Daniel Sams (Base price INR 1 crore) sold to Mumbai Indians for 2.6 crore
2022,Sherfane Rutherford,914541.0,1.0,,sold,Sherfane Rutherford (Base price INR 1 crore) sold to Royal Challengers Bangalore for INR 1 crore
2022,Dwaine Pretorius,327830.0,0.5,,sold,Dwaine Pretorius (Base price INR 50 lakh) sold to Chennai Super Kings for INR 50 lakh
2022,Rishi Dhawan,290727.0,0.5,,sold,Rishi Dhawan (Base price INR 50 lakh) sold to Punjab Kings for INR 55 lakh
2022,Jofra Archer,669855.0,2.0,,sold,Jofra Archer (Base price INR 2 crore) sold to Mumbai Indians for INR 8 crore
2022,Rovman Powell,820351.0,0.75,,sold,Rovman Powell (Base price INR 75 lakh) sold to Delhi Capitals for INR 2.8 crore
2022,Devon Conway,379140.0,1.0,,sold,Devon Conway (Base price INR 1 crore) sold to Chennai Super Kings for INR 1 crore
2022,Finn Allen,959759.0,0.5,,sold,Finn Allen (Base price INR 50 lakh) sold to Royal Challengers Bangalore for INR 80 lakh
2022,Simarjeet Singh,1159722.0,0.2,,sold,Simarjeet Singh (Base price INR 20 lakh) sold to Chennai Super Kings for INR 20 lakh
2022,Yash Dayal,1159720.0,0.2,,sold,Yash Dayal (Base price INR 20 lakh) sold to Gujarat Titans for INR 3.2 crore
2022,Rajvardhan Hangargekar,1175429.0,0.3,,sold,Rajvardhan Hangargekar (Base price INR 30 lakh) sold to Chennai Super Kings for INR 1.5 crore
2022,Raj Bawa,1292502.0,0.2,,sold,Raj Bawa (Base price INR 20 lakh) sold to Punjab Kings for INR 2 crore
2022,Sanjay Yadav,1048841.0,0.2,,sold,Sanjay Yadav (Base price INR 20 lakh) sold to Mumbai Indians for INR 50 lakh
2022,Darshan Nalkande,1111917.0,0.2,,sold,Darshan Nalkande (Base price INR 20 lakh) sold to Gujarat Titans for INR 20 lakh
2022,Anukul Roy,1079839.0,0.2,,sold,Anukul Roy (Base price INR 20 lakh) sold to Kolkata Knight Riders for INR 20 lakh
2022,Mahipal Lomror,853265.0,0.4,,sold,Mahipal Lomror (Base price INR 40 lakh) sold to Royal Challengers Bangalore for INR 95 lakh
2022,Tilak Varma,1170265.0,0.2,,sold,Tilak Varma (Base price INR 20 lakh) sold to Mumbai Indians for 1.7 crore
2022,Yash Dhull,1292498.0,0.2,,sold,Yash Dhull (Base price INR 20 lakh) sold to Delhi Capitals for INR 50 lakh
2022,Ripal Patel,1201520.0,0.2,,sold,Ripal Patel (Base price INR 20 lakh) sold to Delhi Capitals for INR 20 lakh
2022,Lalit Yadav,930189.0,0.2,,sold,Lalit Yadav (Base price INR 20 lakh) sold to Delhi Capitals for INR 65 lakh
2022,Manan Vohra,532856.0,0.2,,sold,Manan Vohra (Base price INR 20 lakh) sold to Lucknow Super Giants for INR 20 lakh
2022,Rinku Singh,723105.0,0.2,,sold,Rinku Singh (Base price INR 20 lakh) sold to Kolkata Knight Riders for INR 55 lakh
2022,Maheesh Theekshana,1138316.0,0.5,,sold,Maheesh Theekshana (Base price INR 50 lakh) sold to Chennai Super Kings for for INR 70 lakh
2022,Shahbaz Nadeem,31872.0,0.5,,sold,Shahbaz Nadeem (Base price INR 50 lakh) sold to Lucknow Super Giants for INR 50 lakh
2022,Mayank Markande,1081442.0,0.5,,sold,Mayank Markande (Base price INR 50 lakh) sold to Mumbai Indians for INR 65 lakh
2022,Jaydev Unadkat,390484.0,0.75,,sold,Jaydev Unadkat (Base price INR 75 lakh) sold to Mumbai Indians for 1.3 crore
2022,Navdeep Saini,700167.0,0.75,,sold,Navdeep Saini (Base price INR 75 lakh) sold to Rajasthan Royals for INR 2.6 crore
2022,Sandeep Sharma,438362.0,0.5,,sold,Sandeep Sharma (Base price INR 50 lakh) sold to Punjab Kings for INR 50 lakh
2022,Chetan Sakariya,1131754.0,0.5,,sold,Chetan Sakariya (Base price INR 50 lakh) sold to Delhi Capitals for INR 4.2 crore
2022,Dushmantha Chameera,552152.0,0.5,,sold,Dushmantha Chameera (Base price INR 50 lakh) sold to Lucknow Super Giants for INR 2 crore
2022,Khaleel Ahmed,942645.0,0.5,,sold,Khaleel Ahmed (Base price INR 50 lakh) sold to Delhi Capitals for INR 5.25 crore
2022,Krishnappa Gowtham,424377.0,0.5,,sold,Krishnappa Gowtham (Base price INR 50 lakh) sold to Lucknow Super Giants for INR 90 lakh
2022,Shivam Dube,714451.0,0.5,,sold,Shivam Dube (Base price INR 50 lakh) sold to Chennai Super Kings for INR 4 crore
2022,Marco Jansen,696401.0,0.5,,sold,Marco Jansen (Base price INR 50 lakh) sold to Sunrisers Hyderabad for INR 4.2 crore
2022,Odean Smith,820691.0,1.0,,sold,Odean Smith (Base price INR 1 crore) sold to Punjab Kings for INR 6 crore
2022,Vijay Shankar,477021.0,0.5,,sold,Vijay Shankar (Base price INR 50 lakh) sold to Gujarat Titans for INR 1.4 crore
2022,Jayant Yadav,447587.0,1.0,,sold,Jayant Yadav (Base price INR 1 crore) sold to Gujarat Titans for INR 1.7 crore
2022,Dominic Drakes,906749.0,0.75,,sold,Dominic Drakes (Base price INR 75 lakh) sold to Gujarat Titans for INR 1.1 crore
2022,Liam Livingstone,403902.0,1.0,,sold,Liam Livingstone (Base price INR 1 crore) sold to Punjab Kings for INR 11.5 crore
2022,Mandeep Singh,398506.0,0.5,,sold,Mandeep Singh (Base price INR 50 lakh) sold to Delhi Capitals for INR 1.1 crore
2022,Ajinkya Rahane,277916.0,1.0,,sold,Ajinkya Rahane (Base price INR 1 crore) sold to Kolkata Knight Riders for INR 1 crore
2022,Aiden Markram,600498.0,1.0,,sold,Aiden Markram (Base price INR 1 crore) sold to Sunrisers Hyderabad for INR 2.6 crore
2022,R Sai Kishore,1048739.0,0.2,,sold,R Sai Kishore (Base price INR 20 lakh) sold to Gujarat Titans for INR 3 crore
2022,Jagadeesha Suchith,527663.0,0.2,,sold,Jagadeesha Suchith (Base price INR 20 lakh) sold to Sunrisers Hyderabad for INR 20 lakh
2022,Shreyas Gopal,344580.0,0.2,,sold,Shreyas Gopal (Base price INR 20 lakh) sold to Sunrisers Hyderabad for INR 75 lakh
2022,KC Cariappa,777537.0,0.2,,sold,KC Cariappa (Base price INR 20 lakh) sold to Rajasthan Royals for INR 30 lakh
2022,Murugan Ashwin,528067.0,0.2,,sold,Murugan Ashwin (Base price INR 20 lakh) sold to Mumbai Indians for INR 1.6 crore
2022,Noor Ahmad,1182529.0,0.3,,sold,Noor Ahmad (Base price INR 30 lakh) sold to Gujarat Titans for INR 30 lakh
2022,Ankit Rajpoot,591650.0,0.2,,sold,Ankit Rajpoot (Base price INR 20 lakh) sold to Lucknow Super Giants for INR 50 lakh
2022,Tushar Deshpande,822553.0,0.2,,sold,Tushar Deshpande (Base price INR 20 lakh) sold to Chennai Super Kings for INR 20 lakh
2022,Ishan Porel,967603.0,0.2,,sold,Ishan Porel (Base price INR 20 lakh) sold to Punjab Kings for INR 25 lakh
2022,Avesh Khan,694211.0,0.2,,sold,Avesh Khan (Base price INR 20 lakh) sold to Lucknow Super Giants for INR 10 crore
2022,KM Asif,1083030.0,0.2,,sold,KM Asif (Base price INR 20 lakh) sold to Chennai Super Kings for INR 20 lakh
2022,Akash Deep,1176959.0,0.2,,sold,Akash Deep (Base price INR 20 lakh) sold to Royal Challengers Bangalore for INR 20 lakh
2022,Kartik Tyagi,1122918.0,0.2,,sold,Kartik Tyagi (Base price INR 20 lakh) sold to Sunrisers Hyderabad sold to for INR 4 crore
2022,Basil Thampi,732291.0,0.3,,sold,Basil Thampi (Base price INR 30 lakh) sold to Mumbai Indians for INR 30 lakh
2022,Jitesh Sharma,721867.0,0.2,,sold,Jitesh Sharma (Base price INR 20 lakh) sold to Punjab Kings for INR 20 lakh
2022,Sheldon Jackson,237696.0,0.3,,sold,Sheldon Jackson (Base price INR 30 lakh) sold to Kolkata Knight Riders for INR 60 lakh
2022,Prabhsimran Singh,1161024.0,0.2,,sold,Prabhsimran Singh (Base price INR 20 lakh) sold to Punjab Kings for INR 60 lakh
2022,Anuj Rawat,1123073.0,0.2,,sold,Anuj Rawat (Base price INR 20 lakh) sold to Royal Challengers Bangalore for INR 3.4 crore
2022,KS Bharat,529436.0,0.2,,sold,KS Bharat (Base price INR 20 lakh) sold to Delhi Capitals for INR 2 crore
2022,Shahbaz Ahmed,1159711.0,0.3,,sold,Shahbaz Ahmed (Base price INR 30 lakh) sold to Royal Challengers Bangalore for INR 2.4 crore
2022,Harpreet Brar,1168641.0,0.2,,sold,Harpreet Brar (Base price INR 20 lakh) sold to Punjab Kings for INR 3.8 crore
2022,Kamlesh Nagarkoti,1070188.0,0.4,,sold,Kamlesh Nagarkoti (Base price INR 40 lakh) sold to Delhi Capitals for INR 1.1 crore
2022,Rahul Tewatia,423838.0,0.4,,sold,Rahul Tewatia (Base price INR 40 lakh) sold to Gujarat Titans for INR 9 crore
2022,Shivam Mavi,1079848.0,0.4,,sold,Shivam Mavi (Base price INR 40 lakh) sold to Kolkata Knight Riders for INR 7.25 crore
2022,Shahrukh Khan,719719.0,0.4,,sold,Shahrukh Khan (Base price INR 40 lakh) sold to Punjab Kings for INR 9 crore
2022,Sarfaraz Khan,642525.0,0.2,,sold,Sarfaraz Khan (Base price INR 20 lakh) sold to Delhi Capitals for INR 20 lakh
2022,Abhishek Sharma,1070183.0,0.2,,sold,Abhishek Sharma (Base price INR 20 lakh) sold to Sunrisers Hyderabad for INR 6.5 crore
2022,Riyan Parag,1079434.0,0.3,,sold,Riyan Parag (Base price INR 30 lakh) sold to Rajasthan Royals for INR 3.8 crore
2022,Rahul Tripathi,446763.0,0.4,,sold,Rahul Tripathi (Base price INR 40 lakh) sold to Sunrisers Hyderabad for INR 8.5 crore
2022,Ashwin Hebbar,801019.0,0.2,,sold,Ashwin Hebbar (Base price INR 20 lakh) sold to Delhi Capitals for INR 20 lakh
2022,Dewald Brevis,1070665.0,0.2,,sold,Dewald Brevis (Base price INR 20 lakh) sold to Mumbai Indians for INR 3 crore
2022,Abhinav Manohar,778963.0,0.2,,sold,Abhinav Manohar (Base price INR 20 lakh) sold to Gujarat Titans for INR 2.6 crore
2022,Priyam Garg,1070180.0,0.2,,sold,Priyam Garg (Base price INR 20 lakh) sold to Sunrisers Hyderabad for INR 20 lakh
2022,Yuzvendra Chahal,430246.0,2.0,,sold,Yuzvendra Chahal (Base price INR 2 crore) sold to Rajasthan Royals for INR 6.5 crore
2022,Rahul Chahar,1064812.0,0.75,,sold,Rahul Chahar (Base price INR 75 lakh) sold to Punjab Kings for INR 5.25 crore
2022,Kuldeep Yadav,559235.0,1.0,,sold,Kuldeep Yadav (Base price INR 1 crore) sold to Delhi Capitals for INR 2 crore
2022,Mustafizur Rahman,330902.0,2.0,,sold,Mustafizur Rahman (Base price INR 2 crore) sold to Delhi Capitals for INR 2 crore
2022,Shardul Thakur,475281.0,2.0,,sold,Shardul Thakur (Base price INR 2 crore) sold to Delhi Capitals for INR 10.75 crore
2022,Bhuvneshwar Kumar,326016.0,2.0,,sold,Bhuvneshwar Kumar (Base price INR 2 crore) sold to Sunrisers Hyderabad for INR 4.2 crore
2022,Mark Wood,351588.0,2.0,,sold,Mark Wood (Base price INR 2 crore) sold to Lucknow Super Giants for INR 7.5 crore
2022,Josh Hazlewood,288284.0,2.0,,sold,Josh Hazlewood (Base price INR 2 crore) sold to Royal Challengers Bangalore for INR 7.75 crore
2022,Lockie Ferguson,493773.0,2.0,,sold,Lockie Ferguson (Base price INR 2 crore) sold to Gujarat Titans for INR 10 crore
2022,Prasidh Krishna,917159.0,1.0,,sold,Prasidh Krishna (Base price INR 1 crore) sold to Rajasthan Royals for INR 10 crore
2022,Deepak Chahar,447261.0,2.0,,sold,Deepak Chahar (Base price INR 2 crore) sold to Chennai Super Kings for INR 14 crore
2022,T Natarajan,802575.0,1.0,,sold,T Natarajan (Base price INR 1 crore) sold to Sunrisers Hyderabad for INR 4 crore
2022,Nicholas Pooran,604302.0,1.5,,sold,Nicholas Pooran (Base price INR 1.5 crore) sold to Sunrisers Hyderabad for INR 10.75 crore
2022,Dinesh Karthik,30045.0,2.0,,sold,Dinesh Karthik (Base price INR 2 crore) sold to Royal Challengers Bangalore for INR 5.5 crore
2022,Jonny Bairstow,297433.0,1.5,,sold,Jonny Bairstow (Base price INR 1.5 crore) sold to Punjab Kings for INR 6.75 crore
2022,Ishan Kishan,720471.0,2.0,,sold,Ishan Kishan (Base price INR 2 crore) sold to Mumbai Indians for INR 15.25 crore
2022,Ambati Rayudu,33141.0,2.0,,sold,Ambati Rayudu (Base price INR 2 crore) sold to Chennai Super Kings for INR 6.75 crore
2022,Mitchell Marsh,272450.0,2.0,,sold,Mitchell Marsh (Base price INR 2 crore) sold to Delhi Capitals for INR 6.5 crore
2022,Krunal Pandya,471342.0,2.0,,sold,Krunal Pandya (Base price INR 2 crore) sold to Lucknow Super Giants for INR 8.25 crore
2022,Washington Sundar,719715.0,1.5,,sold,Washington Sundar (Base price INR 1.5 crore) sold to Sunrisers Hyderabad for INR 8.75 crore
2022,Wanindu Hasaranga,784379.0,1.0,,sold,Wanindu Hasaranga (Base price INR 1 crore) sold to Royal Challengers Bangalore for INR 10.75 crore
2022,Deepak Hooda,497121.0,0.75,,sold,Deepak Hooda (Base price INR 75 lakh) sold to Lucknow Super Giants for INR 5.75 crore
2022,Harshal Patel,390481.0,2.0,,sold,Harshal Patel (Base price INR 2 crore) sold to Royal Challengers Bangalore for INR 10.75 crore
2022,Jason Holder,391485.0,1.5,,sold,Jason Holder (Base price INR 1.5 crore) sold to Lucknow Super Giants for INR 8.75 crore
2022,Nitish Rana,604527.0,1.0,,sold,Nitish Rana (Base price INR 1 crore) sold to Kolkata Knight Riders for INR 8 crore
2022,Dwayne Bravo,51439.0,2.0,,sold,Dwayne Bravo (Base price INR 2 crore) sold to Chennai Super Kings for INR 4.4 crore
2022,Devdutt Padikkal,1119026.0,2.0,,sold,Devdutt Padikkal (Base price INR 2 crore) sold to Rajasthan Royals for INR 7.75 crore
2022,Jason Roy,298438.0,2.0,,sold,Jason Roy (Base price INR 2 crore) sold to Gujarat Titans for INR 2 crore
2022,Robin Uthappa,35582.0,2.0,,sold,Robin Uthappa (Base price INR 2 crore) sold to Chennai Super Kings for INR 2 crore
2022,Shimron Hetmyer,670025.0,1.5,,sold,Shimron Hetmyer (Base price INR 1.5 crore) sold to Rajasthan Royals for INR 8.5 crore
2022,Manish Pandey,290630.0,1.0,,sold,Manish Pandey (Base price INR 1 crore) sold to Lucknow Super Giants for INR 4.6 crore
2022,David Warner,219889.0,2.0,,sold,David Warner (Base price INR 2 crore) sold to Delhi Capitals for INR 6.25 crore
2022,Quinton de Kock,379143.0,2.0,,sold,Quinton de Kock (Base price INR 2 crore) sold to Lucknow Super Giants for INR 6.75 crore
2022,Faf du Plessis,44828.0,2.0,,sold,Faf du Plessis (Base price INR 2 crore) sold to Royal Challengers Bangalore for INR 7 crore
2022,Mohammed Shami,481896.0,2.0,,sold,Mohammed Shami (Base price INR 2 crore) sold to Gujarat Titans for INR 6.25 crore
2022,Shreyas Iyer,642519.0,2.0,,sold,Shreyas Iyer (Base price INR 2 crore) sold to Kolkata Knight Riders for INR 12.25 crore
2022,Trent Boult,277912.0,2.0,,sold,Trent Boult (Base price INR 2 crore) sold to Rajasthan Royals for INR 8 crore
2022,Kagiso Rabada,550215.0,2.0,,sold,Kagiso Rabada (Base price INR 2 crore) sold to Punjab Kings for INR 9.25 crore
2022,Pat Cummins,489889.0,2.0,,sold,Pat Cummins (Base price INR 2 crore) sold to Kolkata Knight Riders for INR 7.25 crore
2022,R Ashwin,26421.0,2.0,,sold,R Ashwin (Base price INR 2 crore) sold to Rajasthan Royals for INR 5 crore
2022,Shikhar Dhawan,28235.0,2.0,,sold,Shikhar Dhawan (Base price INR 2 crore) sold to Punjab Kings for INR 8.25 crore
2022,Akash Madhwal,1206039.0,0.2,,unsold,Akash Madhwal (Base price INR 20 lakh)
2022,Kulwant Khejroliya,1083033.0,0.2,,unsold,Kulwant Khejroliya (Base price INR 20 lakh)
2022,Rohan Kadam,777739.0,0.2,,unsold,Rohan Kadam (Base price INR 20 lakh)
2022,Khizer Dafedar,1083110.0,0.2,,unsold,Khizer Dafedar (Base price INR 20 lakh)
2022,Rohan Rana,1300768.0,0.2,,unsold,Rohan Rana (Base price INR 20 lakh)
2022,Duan Jansen,595954.0,0.2,,unsold,Duan Jansen (Base price INR 20 lakh)
2022,Chinntla  Readdi,1246438.0,0.2,,unsold,Chinntla Readdi (Base price INR 20 lakh)
2022,Bharat Sharma,1246449.0,0.2,,unsold,Bharat Sharma (Base price INR 20 lakh)
2022,Pratyush Singh,717205.0,0.2,,unsold,Pratyush Singh (Base price INR 20 lakh)
2022,Shubham Sharma,680045.0,0.2,,unsold,Shubham Sharma (Base price INR 20 lakh)
2022,Gerald Coetzee,596010.0,0.2,,unsold,Gerald Coetzee (Base price INR 20 lakh)
2022,Shivank Vashisht,1164186.0,0.2,,unsold,Shivank Vashisht (Base price INR 20 lakh)
2022,Colin Munro,232359.0,1.5,,unsold,Colin Munro (Base price INR 1.5 crore)
2022,Matheesha Pathirana,1194795.0,0.2,,unsold,Matheesha Pathirana (Base price INR 20 lakh)
2022,Utkarsh Singh,1081437.0,0.2,,unsold,Utkarsh Singh (Base price INR 20 lakh)
2022,Scott Kuggeleijn,539548.0,0.75,,unsold,Scott Kuggeleijn (Base price INR 75 lakh)
2022,Moises Henriques,5961.0,1.0,,unsold,Moises Henriques (Base price INR 1 crore)
2022,Akeal Hosein,530812.0,0.5,,unsold,Akeal Hosein (Base price INR 50 lakh)
2022,Ashutosh Sharma,1131978.0,0.2,,unsold,Ashutosh Sharma (Base price INR 20 lakh)
2022,Lalit Yadav,1060363.0,0.2,,unsold,Lalit Yadav (Base price INR 20 lakh)
2022,Amit Ali,1252346.0,0.2,,unsold,Amit Ali (Base price INR 20 lakh)
2022,Ninad Rathva,1126213.0,0.2,,unsold,Ninad Rathva (Base price INR 20 lakh)
2022,Kaushal Tambe,1292512.0,0.2,,unsold,Kaushal Tambe (Base price INR 20 lakh)
2022,Mukesh Kumar,926851.0,0.2,,unsold,Mukesh Kumar (Base price INR 20 lakh)
2022,Blessing Muzarabani,827051.0,0.5,,unsold,Blessing Muzarabani (Base price INR 50 lakh)
2022,Sushant Mishra,1175457.0,0.2,,unsold,Sushant Mishra (Base price INR 20 lakh)
2022,BR Sharath,917231.0,0.2,,unsold,BR Sharath (Base price INR 20 lakh)
2022,Kennar Lewis,537319.0,0.4,,unsold,Kennar Lewis (Base price INR 40 lakh)
2022,Shams Mulani,1131607.0,0.2,,unsold,Shams Mulani (Base price INR 20 lakh)
2022,Dhruv Patel,1126179.0,0.2,,unsold,Dhruv Patel (Base price INR 20 lakh)
2022,David Wiese,221140.0,0.5,,unsold,David Wiese (Base price INR 50 lakh)
2022,Atit Sheth,652361.0,0.2,,unsold,Atit Sheth (Base price INR 20 lakh)
2022,Saurabh Kumar,627214.0,0.2,,unsold,Saurabh Kumar (Base price INR 20 lakh)
2022,Hayden Kerr,1163855.0,0.2,,unsold,Hayden Kerr (Base price INR 20 lakh)
2022,Kane Richardson,272262.0,1.5,,unsold,Kane Richardson (Base price INR 1.5 crore)
2022,Dhawal Kulkarni,277955.0,0.75,,unsold,Dhawal Kulkarni (Base price INR 75 lakh)
2022,Pawan Negi,530773.0,0.5,,unsold,Pawan Negi (Base price INR 50 lakh)
2022,Roston Chase,391832.0,1.0,,unsold,Roston Chase (Base price INR 1 crore)
2022,Ben Cutting,230371.0,0.75,,unsold,Ben Cutting (Base price INR 75 lakh)
2022,Martin Guptill,226492.0,0.75,,unsold,Martin Guptill (Base price INR 75 lakh)
2022,Midhun Sudhesan,1131619.0,0.2,,unsold,Midhun Sudhesan (Base price INR 20 lakh)
2022,Pankaj Jaiswal,652359.0,0.2,,unsold,Pankaj Jaiswal (Base price INR 20 lakh)
2022,Ben Dwarshuis,679567.0,0.3,,unsold,Ben Dwarshuis (Base price INR 30 lakh)
2022,Prashant Chopra,500135.0,0.2,,unsold,Prashant Chopra (Base price INR 20 lakh)
2022,Atharva Ankolekar,1175467.0,0.2,,unsold,Atharva Ankolekar (Base price INR 20 lakh)
2022,Apoorv Wankhade,505773.0,0.2,,unsold,Apoorv Wankhade (Base price INR 20 lakh)
2022,Sameer Rizvi,1175489.0,0.2,,unsold,Sameer Rizvi (Base price INR 20 lakh)
2022,Tom Kohler-Cadmore,470633.0,0.4,,unsold,Tom Kohler-Cadmore (Base price INR 40 lakh)
2022,Tanmay Agarwal,792725.0,0.2,,unsold,Tanmay Agarwal (Base price INR 20 lakh)
2022,Sandeep Warrier,592735.0,0.5,,unsold,Sandeep Warrier (Base price INR 50 lakh)
2022,Reece Topley,461632.0,0.75,,unsold,Reece Topley (Base price INR 75 lakh)
2022,Andrew Tye,459508.0,1.0,,unsold,Andrew Tye (Base price INR 1 crore)
2022,Ben McDermott,603410.0,0.5,,unsold,Ben McDermott (Base price INR 50 lakh)
2022,Rahmanullah Gurbaz,974087.0,0.5,,unsold,Rahmanullah Gurbaz (Base price INR 50 lakh)
2022,George Garton,643433.0,0.5,,unsold,George Garton (Base price INR 50 lakh)
2022,Charith Asalanka,784367.0,0.5,,unsold,Charith Asalanka (Base price INR 50 lakh)
2022,Akash Singh,1175458.0,0.2,,unsold,Akash Singh (Base price INR 20 lakh)
2022,Mujtaba Yousuf,1175484.0,0.2,,unsold,Mujtaba Yousuf (Base price INR 20 lakh)
2022,Arzan Nagwaswalla,1136213.0,0.2,,unsold,Arzan Nagwaswalla (Base price INR 20 lakh)
2022,Vasu Vats,1292515.0,0.2,,unsold,Vasu Vats (Base price INR 20 lakh)
2022,Yash Thakur,1070196.0,0.2,,unsold,Yash Thakur (Base price INR 20 lakh)
2022,Ricky Bhui,642531.0,0.2,,unsold,Ricky Bhui (Base price INR 20 lakh)
2022,Himanshu Rana,816599.0,0.2,,unsold,Himanshu Rana (Base price INR 20 lakh)
2022,Harnoor Singh,1292496.0,0.2,,unsold,Harnoor Singh (Base price INR 20 lakh)
2022,Sachin Baby,432783.0,0.2,,unsold,Sachin Baby (Base price INR 20 lakh)
2022,Himmat Singh,805235.0,0.2,,unsold,Himmat Singh (Base price INR 20 lakh)
2022,Virat Singh,720465.0,0.2,,unsold,Virat Singh (Base price INR 20 lakh)
2022,Piyush Chawla,32966.0,1.0,,unsold,Piyush Chawla (Base price INR 1 crore)
2022,Ish Sodhi,559066.0,0.5,,unsold,Ish Sodhi (Base price INR 50 lakh)
2022,Qais Ahmad,914171.0,0.5,,unsold,Qais Ahmad (Base price INR 50 lakh)
2022,Tabraiz Shamsi,379145.0,1.0,,unsold,Tabraiz Shamsi (Base price INR 1 crore)
2022,Sheldon Cottrell,495551.0,0.75,,unsold,Sheldon Cottrell (Base price INR 75 lakh)
2022,Ishant Sharma,236779.0,1.5,,unsold,Ishant Sharma (Base price INR 1.5 crore)
2022,Cheteshwar Pujara,32540.0,0.5,,unsold,Cheteshwar Pujara (Base price INR 50 lakh)
2022,Aaron Finch,5334.0,1.5,,unsold,Aaron Finch (Base price INR 1.5 crore)
2022,Saurabh Tiwary,35390.0,0.5,,unsold,Saurabh Tiwary (Base price INR 50 lakh)
2022,Eoin Morgan,24598.0,1.5,,unsold,Eoin Morgan (Base price INR 1.5 crore)
2022,Marnus Labuschagne,787987.0,1.0,,unsold,Marnus Labuschagne (Base price INR 1 crore)
2022,Dawid Malan,236489.0,1.5,,unsold,Dawid Malan (Base price INR 1.5 crore)
2022,Sandeep Lamichhane,960361.0,0.4,,unsold,Sandeep Lamichhane (Base price INR 40 lakh)
2022,Manimaran Siddharth,1151286.0,0.2,,unsold,Manimaran Siddharth (Base price INR 20 lakh)
2022,Vishnu Solanki,604593.0,0.2,,unsold,Vishnu Solanki (Base price INR 20 lakh)
2022,Mohammed Azharuddeen,940733.0,0.2,,unsold,Mohammed Azharuddeen (Base price INR 20 lakh)
2022,Rajat Patidar,823703.0,0.2,,unsold,Rajat Patidar (Base price INR 20 lakh)
2022,Amit Mishra,31107.0,1.5,,unsold,Amit Mishra (Base price INR 1.5 crore)
2022,Adam Zampa,379504.0,2.0,,unsold,Adam Zampa (Base price INR 2 crore)
2022,Imran Tahir,40618.0,2.0,,unsold,Imran Tahir (Base price INR 2 crore)
2022,Mujeeb Ur Rahman,974109.0,2.0,,unsold,Mujeeb Ur Rahman (Base price INR 2 crore)
2022,Adil Rashid,244497.0,2.0,,unsold,Adil Rashid (Base price INR 2 crore)
2022,Shakib Al Hasan,56143.0,2.0,,unsold,Shakib Al Hasan (Base price INR 2 crore)
2022,Steven Smith,267192.0,2.0,,unsold,Steven Smith (Base price INR 2 crore)
2022,Suresh Raina,33335.0,2.0,,unsold,Suresh Raina (Base price INR 2 crore)
2013,Aaron Finch,,,200000.0,unsold,"Aaron Finch - base price $200,000"
2013,Upul Tharanga,,,100000.0,unsold,"Upul Tharanga - base price $100,000"
2013,Martin Guptill,,,100000.0,unsold,"Martin Guptill - base price $100,000"
2013,Darren Bravo,,,100000.0,unsold,"Darren Bravo - base price $100,000"
2013,Herschelle Gibbs,,,200000.0,unsold,"Herschelle Gibbs - base price $200,000"
2013,Adam Voges,,,100000.0,unsold,"Adam Voges - base price $100,000"
2013,Matthew Wade,,,200000.0,unsold,"Matthew Wade - base price $200,000"
2013,Tim Paine,,,100000.0,unsold,"Tim Paine - base price $100,000"
2013,Matt Prior,,,200000.0,unsold,"Matt Prior - base price $200,000"
2013,Kaushal Silva,,,20000.0,unsold,"Kaushal Silva - base price $20,000"
2013,Prasanna Jayawardene,,,50000.0,unsold,"Prasanna Jayawardene - base price $50,000"
2013,Dane Vilas,,,20000.0,unsold,"Dane Vilas - base price $20,000"
2013,Denesh Ramdin,,,50000.0,unsold,"Denesh Ramdin - base price $50,000"
2013,Dinesh Chandimal,,,100000.0,unsold,"Dinesh Chandimal - base price $100,000"
2013,Ravi Bopara,,,100000.0,unsold,"Ravi Bopara - base price $100,000"
2013,James Hopes,,,100000.0,unsold,"James Hopes - base price $100,000"
2013,Vernon Philander,,,100000.0,unsold,"Vernon Philander - base price $100,000"
2013,Doug Bollinger,,,200000.0,unsold,"Doug Bollinger - base price $200,000"
2013,Cameron Boyce,,,20000.0,unsold,"Cameron Boyce - base price $20,000"
2013,Veerasammy Permaul,,,20000.0,unsold,"Veerasammy Permaul - base price $20,000"
2013,Suraj Randiv,,,50000.0,unsold,"Suraj Randiv - base price $50,000"
2013,Devendra Bishoo,,,50000.0,unsold,"Devendra Bishoo - base price $50,000"
2013,Steve O'Keefe,,,100000.0,unsold,"Steve O'Keefe - base price $100,000"
2013,Paul Harris,,,20000.0,unsold,"Paul Harris - base price $20,000"
2013,Rangana Herath,,,100000.0,unsold,"Rangana Herath - base price $100,000"
2013,Sulieman Benn,,,20000.0,unsold,"Sulieman Benn - base price $20,000"
2013,Aaron Phangiso,,,20000.0,unsold,"Aaron Phangiso - base price $20,000"
2013,Farveez Maharoof,,,50000.0,unsold,"Farveez Maharoof - base price $50,000"
2013,Scott Styris,,,100000.0,unsold,"Scott Styris - base price $100,000"
2013,Ben Cutting,,,100000.0,unsold,"Ben Cutting - base price $100,000"
2013,Josh Hazlewood,,,100000.0,unsold,"Josh Hazlewood - base price $100,000"
2013,Travis Birt,,,100000.0,unsold,"Travis Birt - base price $100,000"
2013,Henry Davids,,,20000.0,unsold,"Henry Davids - base price $20,000"
2013,Ben Rohrer,,,50000.0,unsold,"Ben Rohrer - base price $50,000"
2013,Rilee Rossouw,,,20000.0,unsold,"Rilee Rossouw - base price $20,000"
2013,Kevin O'Brien,,,50000.0,unsold,"Kevin O'Brien - base price $50,000"
2013,Rory Kleinveldt,,,50000.0,unsold,"Rory Kleinveldt - base price $50,000"
2016,Kevin Pietersen,19296.0,2.0,,sold,Kevin Pietersen (Base price INR 2 crores) - sold to Rising Pune Supergiants for INR 3.5 crores
2016,Dwayne Smith,53118.0,0.5,,sold,Dwayne Smith (Base price INR 50 lakhs) - sold to Gujarat Lions INR 2.3 crores
2016,Ishant Sharma,236779.0,2.0,,sold,Ishant Sharma (Base price INR 2 crores) - sold to Rising Pune Supergiants for INR 3.8 crores
2016,Shane Watson,8180.0,2.0,,sold,Shane Watson (Base price INR 2 crores) - sold to Royal Challengers Bangalore for INR 9.5 crores
2016,Ashish Nehra,31820.0,2.0,,sold,Ashish Nehra (Base price INR 2 crores) - sold to Sunrisers Hyderabad for INR 5.5 crores
2016,Yuvraj Singh,36084.0,2.0,,sold,Yuvraj Singh (Base price INR 2 crores) - sold to Sunrisers Hyderabad for INR 7 crores
2016,Dale Steyn,47492.0,1.5,,sold,Dale Steyn (Base price INR 1.5 crores) - sold to Gujarat Lions INR 2.3 crores
2016,Sanju Samson,425943.0,2.0,,sold,Sanju Samson (Base price INR 2 crores) - sold to Delhi Daredevils INR 4.2 crores
2016,Jos Buttler,308967.0,1.5,,sold,Jos Buttler (Base price INR 1.5 crores) - sold to Mumbai Indians for INR 3.8 crores
2016,Dinesh Karthik,30045.0,2.0,,sold,Dinesh Karthik (Base price INR 2 crores) - sold to Gujarat Lions for INR 2.3 crores
2016,Irfan Pathan,32685.0,1.0,,sold,Irfan Pathan (Base price INR 1 crore) - sold to Rising Pune Supergiants for INR 1 crore
2016,Chris Morris,439952.0,0.5,,sold,Chris Morris (Base price INR 50 lakhs) - sold to Delhi Daredevils for INR 7 crores
2016,Colin Munro,232359.0,0.3,,sold,Colin Munro (Base price INR 30 lakhs) - sold to Kolkata Knight Riders for INR 30 lakhs
2016,Stuart Binny,27223.0,2.0,,sold,Stuart Binny (Base price INR 2 crores) - sold to Royal Challengers Bangalore for INR 2 crores
2016,Mitchell Marsh,272450.0,2.0,,sold,Mitchell Marsh (Base price INR 2 crores) - sold to Rising Pune Supergiants for INR 4.8 crores
2016,Dhawal Kulkarni,277955.0,2.0,,sold,Dhawal Kulkarni (Base price INR 2 crores) - sold to Gujarat Lions for INR 2 crores
2016,John Hastings,228622.0,1.0,,sold,John Hastings (Base price INR 1 crores) - sold to Kolkata Knight Riders for INR 1.3 crores
2016,Praveen Kumar,30732.0,0.5,,sold,Praveen Kumar (Base price INR 50 lakhs) - sold to Gujarat Lions for INR 3.5 crores
2016,Tim Southee,232364.0,1.0,,sold,Tim Southee (Base price INR 1 crore) - sold to Mumbai Indians for INR 2.5 crores
2016,Mohit Sharma,537119.0,1.5,,sold,Mohit Sharma (Base price INR 1.5 crores) - sold to Kings XI Punjab for INR 6.5 crore
2016,Carlos Brathwaite,457249.0,0.3,,sold,Carlos Brathwaite (Base price INR 30 lakhs) - sold to Delhi Daredevils for INR 4.2 crores
2016,Marcus Stoinis,325012.0,0.3,,sold,Marcus Stoinis (Base price INR 30 lakhs) - sold to Kings XI Punjab for INR 55 lakhs
2016,Mustafizur Rahman,330902.0,0.5,,sold,Mustafizur Rahman (Base price INR 50 lakhs) - sold to Sunrisers Hyderabad for INR 1.4 crores
2016,Jaydev Unadkat,390484.0,0.3,,sold,Jaydev Unadkat (Base price INR 30 lakhs) - sold to Kolkata Knight Riders for INR 1.6 crores
2016,Kyle Abbott,297583.0,0.3,,sold,Kyle Abbott (Base price INR 30 lakhs) - sold to Kings XI Punjab for INR 2.1 crores
2016,Barinder Sran,537126.0,0.5,,sold,Barinder Sran (Base price INR 50 lakh) - sold to Sunrisers Hyderabad for INR 1.2 crores
2016,Abhimanyu Mithun,310958.0,0.3,,sold,Abhimanyu Mithun (Base price INR 30 lakhs) - sold to Sunrisers Hyderabad for INR 30 lakhs
2016,RP Singh,35280.0,0.3,,sold,RP Singh (Base price INR 30 lakhs) - sold to Rising Pune Supergiants for INR 30 lakhs
2016,Travis Head,530011.0,0.3,,sold,Travis Head (Base price INR 30 lakhs) - sold to Royal Challengers Bangalore for INR 50 lakhs
2016,Sachin Baby,432783.0,0.1,,sold,Sachin Baby (Base price INt 10 lakh) - sold to Royal Challengers Bangalore for INR 10 Lakh
2016,Karun Nair,398439.0,0.1,,sold,Karun Nair (Base price INR 10 lakh) - sold to Delhi Daredevils for INR 4 crore
2016,Paras Dogra,28160.0,0.1,,sold,Paras Dogra (Base price INR 10 lakh) - sold to Gujarat Lions for INR 10 lakh
2016,Ishan Kishan,720471.0,0.1,,sold,Ishan Kishan (Base price INR 10 lakh) - sold to Gujarat Lions for INR 35 lakh
2016,Rishabh Pant,931581.0,0.1,,sold,Rishabh Pant (Base price INR 10 lakh) - sold to Delhi Daredevils for INR 1.9 crore
2016,Eklavya Dwivedi,340841.0,0.2,,sold,Eklavya Dwivedi (Base price INR 20 lakh) - sold to Gujarat Lions for INR 1 crore
2016,Aditya Tare,333904.0,0.2,,sold,Aditya Tare (Base price INR 20 lakh) - sold to Sunrisers Hyderabad for INR 1.2 crore
2016,Iqbal Abdulla,277237.0,0.1,,sold,Iqbal Abdulla (Base price INR 10 lakh) - sold to Royal Challengers Bangalore for INR 10 lakh
2016,Deepak Hooda,497121.0,0.1,,sold,Deepak Hooda (Base price INR 10 lakh) - sold to Sunrisers Hyderabad for INR 4.2 crore
2016,Ankit Sharma,422992.0,0.1,,sold,Ankit Sharma (base price INR 10 lakh) - sold to Rising Pune Supergiants for INR 10 lakh
2016,Pawan Negi,530773.0,0.3,,sold,Pawan Negi (base price INR 30 lakh) - sold to Delhi Daredevils for INR 8.5 crore
2016,Rajat Bhatia,26907.0,0.3,,sold,Rajat Bhatia (base price INR 30 lakh) - sold to Rising Pune Supergiants INR 60 lakh
2016,Pradeep Sangwan,279545.0,0.2,,sold,Pradeep Sangwan (Base price INR 20 lakh) - sold to Gujarat Lions for INR 20 lakh
2016,Nathu Singh,853259.0,0.1,,sold,Nathu Singh (Base price INR 10 lakh) - sold to Mumbai Indians for INR 3.2 crores
2016,Ishwar Pandey,447439.0,0.2,,sold,Ishwar Pandey (Base price INR 20 lakh) - sold to Rising Pune Supergiants for INR 20 lakh
2016,Ankit Rajpoot,591650.0,0.1,,sold,Ankit Rajpoot (base price INR 10 lakh) - sold to Kolkata Knight Riders for INR 1.5 crore
2016,Pravin Tambe,587152.0,0.1,,sold,Pravin Tambe (Base price INR 10 lakh) - sold to Gujarat Lions for INR 20 lakh
2016,Shivil Kaushik,917213.0,0.1,,sold,Shivil Kaushik (Base price INR 10 lakh) - sold to Gujarat Lions for INR 10 lakh
2016,Sarabjit Ladda,317292.0,0.1,,sold,Sarabjit Ladda (Base price INR 10 lakh) - sold to Gujarat Lions for INR 10 lakh
2016,M Ashwin,528067.0,0.1,,sold,M Ashwin (base price INR 10 lakh) - sold to Rising Pune Supergiants for INR 4.5 crore
2016,KC Cariappa,777537.0,0.1,,sold,KC Cariappa (Base price INR 10 lakh) - sold to Kings XI Punjab for INR 80 lakh
2016,Aaron Finch,5334.0,1.0,,sold,Aaron Finch (Base price INR 1 crore) - sold to Gujarat Lions for INR 1 crore (second round)
2016,Sam Billings,297628.0,0.3,,sold,Sam Billings (Base price INR 30 lakhs) - sold to Delhi Daredevils for INR 30 lakh (second round)
2016,Suman,34281.0,0.1,,sold,T Suman (Base price INR 10 lakh) - sold to Sunrisers Hyderabad for INR 10 lakh (second round)
2016,Ankush Bains,604534.0,0.1,,sold,Ankush Bains (Base price INR 10 lakh) - sold to Rising Pune Supergiants for INR 10 lakh (second round)
2016,Umang Sharma,596945.0,0.1,,sold,Umang Sharma (Base price INR 10 lakh) - sold to Gujarat Lions for INR 10 lakh (second round)
2016,Peter Handscomb,334337.0,,,sold,Peter Handscomb - sold to Rising Pune Supergiants for INR 30 lakh (second round)
2016,Jitesh Sharma,721867.0,0.1,,sold,Jitesh Sharma (Base price INR 10 lakh) sold to Mumbai Indians for INR 10 lakh (second round)
2016,Armaan Jaffer,960369.0,0.1,,sold,Armaan Jaffer (base price INR 10 lakh) - sold to Kings XI Punjab for INR 10 lakh (second round)
2016,Jason Holder,391485.0,0.5,,sold,Jason Holder (Base price INR 50 lakhs) sold to Kolkata Knight Riders for INR 70 lakh (second round)
2016,Thisara Perera,233514.0,1.0,,sold,Thisara Perera (Base price INR 1 crore) - sold to Rising Pune Supergiants for INR 1 crore (second round)
2016,Ben Cutting,230371.0,0.5,,sold,Ben Cutting (Base price INR 50 lakhs) - sold to Sunrisers Hyderabad for INR 50 lakh (second round)
2016,Andrew Tye,459508.0,0.3,,sold,Andrew Tye (Base price INR 30 lakhs) - sold to Gujarat Lions for INR 50 lakh (second round)
2016,Praveen Dubey,777515.0,0.1,,sold,Praveen Dubey (Base price INR 10 lakh) - sold to Royal Challengers Bangalore at INR 35 lakh (second round)
2016,R Sathish,33870.0,0.2,,sold,R Sathish (base price INR 20 lakh) - sold to Kolkata Knight Riders for INR 20 lakh
2016,Vijay Shankar,477021.0,0.1,,sold,Vijay Shankar (base price INR 10 lakh) - sold to Sunrisers Hyderabad for INR 35 lakh
2016,Shadab Jakati,29655.0,0.2,,sold,Shadab Jakati (base price INR 20 lakh) - sold to Gujarat Lions for INR 20 lakh
2016,Akshay Karnewar,528730.0,0.1,,sold,Akshay Karnewar (base price INR 10 lakh) - sold to Royal Challengers Bangalore for INR 10 lakh
2016,Akshdeep Nath,500360.0,0.1,,sold,Akshdeep Nath (base price INR 10 lakh) - sold to Gujarat Lions for INR 10 lakh
2016,Manan Sharma,339955.0,0.1,,sold,Manan Sharma (base price INR 10 lakh) - sold to Kolkata Knight Riders at INR 10 lakh
2016,Baba Aparajith,477071.0,0.1,,sold,Baba Aparajith (base price INR 10 lakh) - sold to Rising Pune Supergiants for INR 10 lakh
2016,Deepak Chahar,447261.0,0.1,,sold,Deepak Chahar (base price INR 10 lakh) - sold to Rising Pune Supegiants for INR 10 lakh
2016,Kishore Kamath,919241.0,0.1,,sold,Kishore Kamath (base price INR 10 lakh) - sold to Mumbai Indians for INR 1.4 crores
2016,Pardeep Sahu,34155.0,0.1,,sold,Pardeep Sahu (base price INR 10 lakh) - sold to Kings XI Punjab for INR 10 lakh
2016,Krunal Pandya,471342.0,0.1,,sold,Krunal Pandya (base price INR 10 lakh) - sold to Mumbai Indians for INR 2 crores
2016,Deepak Punia,807791.0,,,sold,Deepak Punia (base price INR lakh) - sold to Mumbai Indians for INR 10 lakh
2016,Swapnil Singh,232292.0,0.1,,sold,Swapnil Singh (base price 10 lakh) - sold to Kings XI Punjab for INR 10 lakh
2016,Khaleel Ahmed,942645.0,0.1,,sold,Khaleel Ahmed (base price INR 10 lakh) - sold to Delhi Daredevils for INR 10 lakh
2016,Jaydev Shah,34997.0,0.2,,sold,Jaydev Shah (base price INR 20 lakh) - sold to Gujarat Lions for INR 20 lakh
2016,Pratyush Singh,717205.0,0.1,,sold,Pratyush Singh (base price INR 10 lakh) - sold to Delhi Daredevils for INR 10 lakh
2016,Ashok Dinda,227712.0,0.5,,sold,Ashok Dinda (Base price INR 50 lakhs) - sold to Rising Pune Supergiants for INR 50 lakh
2016,Kane Richardson,272262.0,2.0,,sold,Kane Richardson (Base price INR 2 crores) - sold to Royal Challengers Banglore for INR 2 crore
2016,Samuel Badree,51433.0,0.5,,sold,Samuel Badree (Base price INR 50 lakhs) - sold to Royal Challengers Bangalore for INR 50 lakh
2016,Joel Paris,501012.0,0.3,,sold,Joel Paris (Base price INR 30 lakhs) - sold to Delhi Daredevils for INR 30 lakh
2016,Scott Boland,446548.0,0.5,,sold,Scott Boland (Base price INR 50 lakh) - sold to Rising Pune Supergiants for INR 50 lakh
2016,Vikramjeet Malik,31738.0,0.2,,sold,Vikramjeet Malik (Base price INR 20 lakh) - sold to Royal Challengers Bangalore for INR 20 lakh
2016,Pawan Suyal,431213.0,0.1,,sold,Pawan Suyal (Base price INR 10 lakh) - sold to Delhi Daredevils for INR 10 lakh
2016,Adam Zampa,379504.0,0.3,,sold,Adam Zampa (Base price INR 30 lakh) - sold to Rising Pune Super Giants for INR 30 lakh
2016,Amit Mishra,604550.0,0.1,,sold,Amit Mishra (base price INR 10 lakh) - sold to Gujarat Lions for INR 10 lakh
2016,Jaskaran Singh,376102.0,0.1,,sold,Jaskaran Singh (base price INR 10 lakh) - sold to Rising Pune Supergiants for INR 10 lakh
2016,Chama Milind,604616.0,0.1,,sold,Chama Milind (base price INR 10 lakh) - sold to Delhi Daredevils for INR 10 lakh
2016,Vikas Tokas,474519.0,0.1,,sold,Vikas Tokas (base price INR 10 lakh) - sold to Royal Challengers Bangalore at INR 10 lakh
2016,Farhaan Behardien,44410.0,0.3,,sold,Farhaan Behardien (Base price INR 30 lakhs) - sold to Kings XI Punjab for INR 30 lakh (round three)
2016,Akhil Herwadkar,532851.0,0.1,,sold,Akhil Herwadkar (base price INR 10 lakh) - sold to Delhi Daredevils for INR 10 lakh
2016,Mahipal Lomror,853265.0,0.1,,sold,Mahipal Lomror (base price INR 10 lakh) - sold to Delhi Daredevils for INR 10 lakh
2016,Martin Guptill,,0.5,,unsold,Martin Guptill (Base price INR 50 lakhs)
2016,Rilee Rossouw,,1.0,,unsold,Rilee Rossouw (Base price INR 1 crore)
2016,Cheteshwar Pujara,,0.5,,unsold,Cheteshwar Pujara (Base price INR 50 lakhs)
2016,Hashim Amla,,1.0,,unsold,Hashim Amla (Base price INR 1 crore)
2016,George Bailey,,1.0,,unsold,George Bailey (Base price INR 1 crore)
2016,S Badrinath,,0.5,,unsold,S Badrinath (Base price INR 50 lakhs)
2016,Mahela Jayawardene,,1.5,,unsold,Mahela Jayawardene (Base price INR 1.5 crores)
2016,Michael Hussey,,2.0,,unsold,Michael Hussey (Base price INR 2 crores)
2016,Usman Khawaja,,1.0,,unsold,Usman Khawaja (Base price INR 1 crore)
2016,Shane Dowrich,,0.3,,unsold,Shane Dowrich (Base price INR 30 lakhs)
2016,Mushfiqur Rahim,,0.3,,unsold,Mushfiqur Rahim (Base price INR 30 lakhs)
2016,Johnson Charles,,0.3,,unsold,Johnson Charles (Base price INR 30 lakhs)
2016,Brad Haddin,,1.5,,unsold,Brad Haddin (Base price INR 1.5 crores)
2016,Morne van Wyk,,0.3,,unsold,Morne van Wyk (Base price INR 30 lakhs)
2016,Ben Dunk,,0.3,,unsold,Ben Dunk (Base price INR 30 lakhs)
2016,Cameron Bancroft,,0.1,,unsold,Cameron Bancroft (Base price INR 10 lakhs)
2016,Manoj Tiwary,,1.0,,unsold,Manoj Tiwary (Base price INR 1 crore)
2016,Ravi Bopara,,1.0,,unsold,Ravi Bopara (Base price INR 1 crore)
2016,Tillakaratne Dilshan,,1.5,,unsold,Tillakaratne Dilshan (Base price INR 1.5 crores)
2016,Darren Sammy,,0.5,,unsold,Darren Sammy (Base price INR 50 lakhs)
2016,Sachithra Senanayake,,0.5,,unsold,Sachithra Senanayake (Base price INR 50 lakhs)
2016,Veerasammy Permaul,,0.3,,unsold,Veerasammy Permaul (Base price INR 30 lakhs)
2016,Nathan Lyon,,1.0,,unsold,Nathan Lyon (Base price INR 1 crore)
2016,Devendra Bishoo,,0.3,,unsold,Devendra Bishoo (Base price INR 30 lakhs)
2016,Michael Beer,,0.3,,unsold,Michael Beer (Base price INR 30 lakhs)
2016,Ajantha Mendis,,0.5,,unsold,Ajantha Mendis (Base price INR 50 lakhs)
2016,Sulieman Benn,,0.3,,unsold,Sulieman Benn (Base price INR 30 lakhs)
2016,Rahul Sharma,,0.3,,unsold,Rahul Sharma (Base price INR 30 lakhs)
2016,Cameron Boyce,,0.5,,unsold,Cameron Boyce (Base price INR 50 lakhs)
2016,Pragyan Ojha,,0.5,,unsold,Pragyan Ojha (Base price INR 50 lakhs)
2016,Joe Burns,,1.0,,unsold,Joe Burns (Base price INR 1 crore)
2016,David Hussey,,1.0,,unsold,David Hussey (Base price INR 1 crore)
2016,Darren Bravo,,0.5,,unsold,Darren Bravo (Base price INR 50 lakhs)
2016,Adam Voges,,1.0,,unsold,Adam Voges (Base price INR 1 crore)
2016,Nic Maddinson,,0.5,,unsold,Nic Maddinson (Base price INR 50 lakhs)
2016,Owais Shah,,1.0,,unsold,Owais Shah (Base price INR 1 crore)
2016,Abhinav Mukund,,0.3,,unsold,Abhinav Mukund (Base price INR 30 lakhs)
2016,Doug Bracewell,,0.3,,unsold,Doug Bracewell (Base price INR 30 lakhs)
2016,Chris Jordan,,1.0,,unsold,Chris Jordan (Base price INR 1 crore)
2016,Wayne Parnell,,0.5,,unsold,Wayne Parnell (Base price INR 50 lakhs)
2016,Grant Elliott,,0.3,,unsold,Grant Elliott (Base price INR 30 lakhs)
2016,James Neesham,,0.5,,unsold,James Neesham (Base price INR 50 lakhs)
2016,Sean Abbott,,0.5,,unsold,Sean Abbott (Base price INR 50 lakhs)
2016,Abhishek Nayar,,0.3,,unsold,Abhishek Nayar (Base price INR 30 lakhs)
2016,Munaf Patel,,0.5,,unsold,Munaf Patel (Base price INR 50 lakhs)
2016,Beuran Hendricks,,0.3,,unsold,Beuran Hendricks (Base price INR 30 lakhs)
2016,Lahiru Thirimanne,,0.3,,unsold,Lahiru Thirimanne (Base price INR 30 lakhs)
2016,Richard Levi,,0.5,,unsold,Richard Levi (Base price INR 50 lakhs)
2016,Cameron White,,1.5,,unsold,Cameron White (Base price INR 1.5 crores)
2016,Tamim Iqbal,,0.5,,unsold,Tamim Iqbal (Base price INR 50 lakhs)
2016,Marlon Samuels,,0.5,,unsold,Marlon Samuels (Base price INR 50 lakhs)
2016,Dean Elgar,,0.3,,unsold,Dean Elgar (Base price INR 30 lakhs)
2016,Reeza Hendricks,,0.3,,unsold,Reeza Hendricks (Base price INR 30 lakhs)
2016,Nathan McCullum,,0.5,,unsold,Nathan McCullum (Base price INR 50 lakhs)
2016,Jeevan Mendis,,0.5,,unsold,Jeevan Mendis (Base price INR 50 lakhs)
2016,Vernon Philander,,0.5,,unsold,Vernon Philander (Base price INR 50 lakhs)
2016,Rusty Theron,,0.3,,unsold,Rusty Theron (Base price INR 30 lakhs)
2016,Shehan Jayasuriya,,0.3,,unsold,Shehan Jayasuriya (Base price INR 30 lakh)
2016,Rayad Emrit,,0.3,,unsold,Rayad Emrit (Base price INR 30 lakh)
2016,Anton Devcich,,0.3,,unsold,Anton Devcich (Base price INR 30 lakh)
2016,Johan Botha,,0.5,,unsold,Johan Botha (Base price INR 50 lakh)
2016,Ashton Agar,,0.5,,unsold,Ashton Agar (Base price INR 50 lakh)
2016,Robin Peterson,,0.5,,unsold,Robin Peterson (Base price INR 50 lakh)
2016,Fidel Edwards,,0.5,,unsold,Fidel Edwards (Base price INR 50 lakh)
2016,Jerome Taylor,,0.5,,unsold,Jerome Taylor (Base price INR 50 lakh)
2016,Parvinder Awana,,0.3,,unsold,Parvinder Awana (Base price INR 30 lakh)
2016,Sudeep Tyagi,,0.3,,unsold,Sudeep Tyagi (Base price INR 30 lakh)
2016,Shaun Tait,,1.5,,unsold,Shaun Tait (Base price INR 1.5 crores)
2016,Pankaj Singh,,0.3,,unsold,Pankaj Singh (Base price INR 30 lakh)
2016,Nuwan Kulasekara,,0.5,,unsold,Nuwan Kulasekara (Base price INR 50 lakh)
2016,Ben Laughlin,,0.3,,unsold,Ben Laughlin (Base price INR 30 lakh)
2016,Krishmar Santokie,,0.3,,unsold,Krishmar Santokie (Base price INR 30 lakh)
2016,Isuru Udana,,0.3,,unsold,Isuru Udana (Base price INR 30 lakh)
2016,Soumya Sarkar,,0.3,,unsold,Soumya Sarkar (Base price INR 30 lakh)
2016,Dilruwan Perera,,0.5,,unsold,Dilruwan Perera (Base price INR 50 lakh)
2016,Narsingh Deonarine,,0.3,,unsold,Narsingh Deonarine (Base price INR 30 lakh)
2016,Henry Davids,,0.5,,unsold,Henry Davids (Base price INR 50 lakh)
2016,Milinda Siriwardana,,0.3,,unsold,Milinda Siriwardana (Base price INR 30 lakh)
2016,Dilshan Munaweera,,0.3,,unsold,Dilshan Munaweera (Base price INR 30 lakh)
2016,Christopher Barnwell,,0.3,,unsold,Christopher Barnwell (Base price INR 30 lakh)
2016,Seekuge Prasanna,,0.3,,unsold,Seekuge Prasanna (Base price INR 30 lakh)
2016,George Worker,,0.3,,unsold,George Worker (Base price INR 30 lakh)
2016,Dasun Shanaka,,0.3,,unsold,Dasun Shanaka (Base price INR 30 lakh)
2016,Taskin Ahmed,,0.3,,unsold,Taskin Ahmed (Base price INR 30 lakh)
2016,Shannon Gabriel,,0.5,,unsold,Shannon Gabriel (Base price INR 50 lakh)
2016,Dushmantha Chameera,,0.3,,unsold,Dushmantha Chameera (Base price INR 30 lakh)
2016,Hardus Viljoen,,0.3,,unsold,Hardus Viljoen (Base price INR 30 lakh)
2016,Mthokozisi Shezi,,1.0,,unsold,Mthokozisi Shezi (Base price INR 1 crore)
2016,Tino Best,,0.3,,unsold,Tino Best (Base price INR 30 lakh)
2016,Jackson Bird,,0.5,,unsold,Jackson Bird (Base price INR 50 lakh)
2016,Mithun Manhas,,0.3,,unsold,Mithun Manhas (Base price INR 30 lakh)
2016,Ankit Bawne,,0.1,,unsold,Ankit Bawne (Base price INR 10 lakh)
2016,Himanshu Rana,,0.1,,unsold,Himanshu Rana (Base price INR 10 lakh)
2016,Debabrata Das,,0.1,,unsold,Debabrata Das (Base price INR 10 lakh)
2016,Aiden Blizzard,,0.3,,unsold,Aiden Blizzard (Base price INR 30 lakh)
2016,Pinal Shah,,0.1,,unsold,Pinal Shah (Base price INR 10 lakh)
2016,CM Gautam,,0.2,,unsold,CM Gautam (Base price INR 20 lakh)
2016,Dishank Yagnik,,0.1,,unsold,Dishank Yagnik (Base price INR 10 lakh)
2016,Manvinder Bisla,,0.1,,unsold,Manvinder Bisla (Base price INR 10 lakh)
2016,Padmanabhan Prasanth,,0.1,,unsold,Padmanabhan Prasanth (Base price INR 10 lakh)
2016,Kevin O'Brien,,0.3,,unsold,Kevin O'Brien (Base price INR 30 lakh)
2016,Kevon Cooper,,0.3,,unsold,Kevon Cooper (Base price INR 30 lakh)
2016,C Stephen,,0.1,,unsold,C Stephen (Base price INR 10 lakh)
2016,Domnic Muthuswami,,0.1,,unsold,Domnic Muthuswami (Base price INR 10 lakh)
2016,Veer Pratap Singh,,0.1,,unsold,Veer Pratap Singh (Base price INR 10 lakh)
2016,Harmeet Singh,,0.1,,unsold,Harmeet Singh (Base price INR 10 lakh)
2016,Aswin Crist,,0.1,,unsold,Aswin Crist (Base price INR 10 lakh)
2016,Rahul Shukla,,0.1,,unsold,Rahul Shukla (Base price INR 10 lakh)
2016,Siddharth Trivedi,,0.1,,unsold,Siddharth Trivedi (Base price INR 10 lakh)
2016,KK Jiyas,,0.1,,unsold,KK Jiyas (Base price INR 10 lakh)
2016,Hardik Patel,,0.1,,unsold,Hardik Patel (Base price INR 10 lakh)
2016,Rahil Shah,,0.1,,unsold,Rahil Shah (Base price INR 10 lakh)
2016,Bharghav Bhatt,,0.1,,unsold,Bharghav Bhatt (Base price INR 10 lakh)
2016,Karanveer Singh,,0.1,,unsold,Karanveer Singh (Base price INR 10 lakh)
2016,Arun Karthik,,0.1,,unsold,Arun Karthik (Base price INR 10 lakh)
2016,Evin Lewis,,0.2,,unsold,Evin Lewis (Base price INR 20 lakh)
2016,Alex Ross,,0.2,,unsold,Alex Ross (Base price INR 20 lakh)
2016,Apoorv Wankhade,,0.1,,unsold,Apoorv Wankhade (Base price INR 10 lakh)
2016,Prashant Gupta,,0.1,,unsold,Prashant Gupta (Base price INR 10 lakh)
2016,Rahul Tewatia,,0.1,,unsold,Rahul Tewatia (Base price INR 10 lakh)
2016,Rohan Prem,,0.1,,unsold,Rohan Prem (base price INR 10 lakh)
2016,Dinesh Salunkhe,,0.1,,unsold,Dinesh Salunkhe (base price INR 10 lakh)
2016,Ravi Jangid,,0.1,,unsold,Ravi Jangid (base price INR 10 lakh)
2016,Gurinder Singh,,0.1,,unsold,Gurinder Singh (base price INR 10 lakh)
2016,James Pattinson,,1.5,,unsold,James Pattinson (Base price INR 1.5 crores)
2016,Pankaj Jaswal,,0.1,,unsold,Pankaj Jaswal (base price INR 10 lakh)
2016,Navdeep Saini,,0.1,,unsold,Navdeep Saini (base price INR 10 lakh)
2016,Saurabh Kumar,,0.1,,unsold,Saurabh Kumar (base price INR 10 lakh
2016,Rishi Arothe,,,,unsold,Rishi Arothe (INR 10 lakh)
2016,Baltej Singh,,0.1,,unsold,Baltej Singh (base price INr 10 lakh)
2016,Kshitiz Sharma,,0.1,,unsold,Kshitiz Sharma (base price INR 10 lakh)
