year,player_name,player_id,base_price_in_cr,status,source_text
2025,Khrievitso Kense,1246493,0.04,unsold,Khrievitso Kense | 0.04 | Unsold
2025,Shivalik Sharma,1167965,0.04,unsold,Shivalik Sharma | 0.04 | Unsold
2025,Leus du Plooy,595739,0.06,unsold,Leus du Plooy | 0.06 | Unsold
2025,Tom Latham,388802,0.18,unsold,Tom Latham | 0.18 | Unsold
2025,Murugan Ashwin,528067,0.04,unsold,Murugan Ashwin | 0.04 | Unsold
2025,Tanush Kotian,1125960,0.04,unsold,Tanush Kotian | 0.04 | Unsold
2025,Prince Choudhary,1412827,0.04,unsold,Prince Choudhary | 0.04 | Unsold
2025,Yash Dabas,1460387,0.04,unsold,Yash Dabas | 0.04 | Unsold
2025,Digvijay Deshmukh,1206410,0.04,unsold,Digvijay Deshmukh | 0.04 | Unsold
2025,Umang Kumar,1247122,0.04,unsold,Umang Kumar | 0.04 | Unsold
2025,Sanjay Yadav,1048841,0.04,unsold,Sanjay Yadav | 0.04 | Unsold
2025,Avinash Singh,1350765,0.04,unsold,Avinash Singh | 0.04 | Unsold
2025,Ripal Patel,1201520,0.04,unsold,Ripal Patel | 0.04 | Unsold
2025,Chris Jordan,288992,0.24,unsold,Chris Jordan | 0.24 | Unsold
2025,Kyle Jamieson,625960,0.18,unsold,Kyle Jamieson | 0.18 | Unsold
2025,Nathan Smith,959771,0.12,unsold,Nathan Smith | 0.12 | Unsold
2025,Roston Chase,391832,0.09,unsold,Roston Chase | 0.09 | Unsold
2025,Vijay Kumar,1449032,0.04,unsold,Vijay Kumar | 0.04 | Unsold
2025,Atit Sheth,652361,0.04,unsold,Atit Sheth | 0.04 | Unsold
2025,Brandon McMullen,949473,0.04,unsold,Brandon McMullen | 0.04 | Unsold
2025,Blessing Muzarabani,827051,0.09,unsold,Blessing Muzarabani | 0.09 | Unsold
2025,Dwaine Pretorius,327830,0.09,unsold,Dwaine Pretorius | 0.09 | Unsold
2025,Anirudh Chowdhary,1460375,0.04,unsold,Anirudh Chowdhary | 0.04 | Unsold
2025,Shiva Singh,1070194,0.04,unsold,Shiva Singh | 0.04 | Unsold
2025,Raj Limbani,1410814,0.04,unsold,Raj Limbani | 0.04 | Unsold
2025,Olly Stone,457279,0.09,unsold,Olly Stone | 0.09 | Unsold
2025,Lance Morris,1125317,0.15,unsold,Lance Morris | 0.15 | Unsold
2025,Tejasvi Dahiya,1460372,0.04,unsold,Tejasvi Dahiya | 0.04 | Unsold
2025,Abdul Basith,1287067,0.04,unsold,Abdul Basith | 0.04 | Unsold
2025,Sandeep Warrier,592735,0.09,unsold,Sandeep Warrier | 0.09 | Unsold
2025,Chetan Sakariya,1131754,0.09,unsold,Chetan Sakariya | 0.09 | Unsold
2025,Will O’Rourke,1211825,0.18,unsold,Will O’Rourke | 0.18 | Unsold
2025,Adam Milne,450860,0.24,unsold,Adam Milne | 0.24 | Unsold
2025,Dilshan Madushanka,793007,0.09,unsold,Dilshan Madushanka | 0.09 | Unsold
2025,Ottneil Baartman,535353,0.09,unsold,Ottneil Baartman | 0.09 | Unsold
2025,Michael Bracewell,326968,0.18,unsold,Michael Bracewell | 0.18 | Unsold
2025,Divesh Sharma,1412829,0.04,unsold,Divesh Sharma | 0.04 | Unsold
2025,Naman Tiwari,1408677,0.04,unsold,Naman Tiwari | 0.04 | Unsold
2025,Emanjot Singh Chahal,1454587,0.04,unsold,Emanjot Singh Chahal | 0.04 | Unsold
2025,Salman Nizar,826349,0.04,unsold,Salman Nizar | 0.04 | Unsold
2025,Navdeep Saini,700167,0.09,unsold,Navdeep Saini | 0.09 | Unsold
2025,Shivam Mavi,1079848,0.09,unsold,Shivam Mavi | 0.09 | Unsold
2025,Jason Behrendorff,272477,0.18,unsold,Jason Behrendorff | 0.18 | Unsold
2025,Matthew Short,605575,0.09,unsold,Matthew Short | 0.09 | Unsold
2025,Kyle Mayers,348056,0.18,unsold,Kyle Mayers | 0.18 | Unsold
2025,Sarfaraz Khan,642525,0.09,unsold,Sarfaraz Khan | 0.09 | Unsold
2025,Arpit Guleria,1167306,0.04,unsold,Arpit Guleria | 0.04 | Unsold
2025,Sachin Dhas,1408683,0.04,unsold,Sachin Dhas | 0.04 | Unsold
2025,Luke Wood,573170,0.09,unsold,Luke Wood | 0.09 | Unsold
2025,Alzarri Joseph,670031,0.24,unsold,Alzarri Joseph | 0.24 | Unsold
2025,Richard Gleeson,473191,0.09,unsold,Richard Gleeson | 0.09 | Unsold
2025,Sikandar Raza,299572,0.15,unsold,Sikandar Raza | 0.15 | Unsold
2025,Gus Atkinson,1039481,0.24,unsold,Gus Atkinson | 0.24 | Unsold
2025,Steven Smith,267192,0.24,unsold,Steven Smith | 0.24 | Unsold
2025,Pathum Nissanka,1028655,0.09,unsold,Pathum Nissanka | 0.09 | Unsold
2025,Brandon King,670035,0.09,unsold,Brandon King | 0.09 | Unsold
2025,Bailapudi Yeswanth,1441778,0.04,unsold,Bailapudi Yeswanth | 0.04 | Unsold
2025,Raghav Goyal,1350770,0.04,unsold,Raghav Goyal | 0.04 | Unsold
2025,LR Chethan,1197718,0.04,unsold,LR Chethan | 0.04 | Unsold
2025,Shivam Singh,1380113,0.04,unsold,Shivam Singh | 0.04 | Unsold
2025,Rishi Dhawan,290727,0.04,unsold,Rishi Dhawan | 0.04 | Unsold
2025,Daryl Mitchell,381743,0.24,unsold,Daryl Mitchell | 0.24 | Unsold
2025,Rishad Hossain,1139523,0.09,unsold,Rishad Hossain | 0.09 | Unsold
2025,Umesh Yadav,376116,0.24,unsold,Umesh Yadav | 0.24 | Unsold
2025,Naveen-ul-Haq,793447,0.24,unsold,Naveen-ul-Haq | 0.24 | Unsold
2025,Mustafizur Rahman,330902,0.24,unsold,Mustafizur Rahman | 0.24 | Unsold
2025,Josh Philippe,1124282,0.09,unsold,Josh Philippe | 0.09 | Unsold
2025,Ben Duckett,521637,0.24,unsold,Ben Duckett | 0.24 | Unsold
2025,Dewald Brevis,1070665,0.09,unsold,Dewald Brevis | 0.09 | Unsold
2025,Finn Allen,959759,0.24,unsold,Finn Allen | 0.24 | Unsold
2025,Jhathavedh Subramanyan,919531,0.04,unsold,Jhathavedh Subramanyan | 0.04 | Unsold
2025,Prashant Solanki,1252337,0.04,unsold,Prashant Solanki | 0.04 | Unsold
2025,Rajan Kumar,1339027,0.04,unsold,Rajan Kumar | 0.04 | Unsold
2025,Vidwath Kaverappa,1155262,0.04,unsold,Vidwath Kaverappa | 0.04 | Unsold
2025,Sakib Hussain,1340422,0.04,unsold,Sakib Hussain | 0.04 | Unsold
2025,Harvik Desai,1070195,0.04,unsold,Harvik Desai | 0.04 | Unsold
2025,Aravelly Avanish,1408675,0.04,unsold,Aravelly Avanish | 0.04 | Unsold
2025,Mayank Dagar,942367,0.04,unsold,Mayank Dagar | 0.04 | Unsold
2025,Pukhraj Mann,1299843,0.04,unsold,Pukhraj Mann | 0.04 | Unsold
2025,Madhav Kaushik,1163698,0.04,unsold,Madhav Kaushik | 0.04 | Unsold
2025,Keshav Maharaj,267724,0.09,unsold,Keshav Maharaj | 0.09 | Unsold
2025,Adil Rashid,244497,0.24,unsold,Adil Rashid | 0.24 | Unsold
2025,Akeal Hosein,530812,0.18,unsold,Akeal Hosein | 0.18 | Unsold
2025,Vijayakanth Viyaskanth,1153149,0.09,unsold,Vijayakanth Viyaskanth | 0.09 | Unsold
2025,Mujeeb Ur Rahman,974109,0.24,unsold,Mujeeb Ur Rahman | 0.24 | Unsold
2025,Alex Carey,326434,0.12,unsold,Alex Carey | 0.12 | Unsold
2025,Srikar Bharat,529436,0.09,unsold,Srikar Bharat | 0.09 | Unsold
2025,Shai Hope,581379,0.15,unsold,Shai Hope | 0.15 | Unsold
2025,Daryl Mitchell,17970,0.24,unsold,Daryl Mitchell | 0.24 | Unsold
2025,Shardul Thakur,475281,0.24,unsold,Shardul Thakur | 0.24 | Unsold
2025,Prithvi Shaw,1070168,0.09,unsold,Prithvi Shaw | 0.09 | Unsold
2025,Mayank Agarwal,398438,0.12,unsold,Mayank Agarwal | 0.12 | Unsold
2025,Kane Williamson,277906,0.24,unsold,Kane Williamson | 0.24 | Unsold
2025,Piyush Chawla,32966,0.06,unsold,Piyush Chawla | 0.06 | Unsold
2025,Kartik Tyagi,1122918,0.04,unsold,Kartik Tyagi | 0.04 | Unsold
2025,Upendra Yadav,732269,0.04,unsold,Upendra Yadav | 0.04 | Unsold
2025,Utkarsh Singh,1081437,0.04,unsold,Utkarsh Singh | 0.04 | Unsold
2025,Yash Dhull,1292498,0.04,unsold,Yash Dhull | 0.04 | Unsold
2025,Anmolpreet Singh,851261,0.04,unsold,Anmolpreet Singh | 0.04 | Unsold
2025,Waqar Salamkheil,1108490,0.09,unsold,Waqar Salamkheil | 0.09 | Unsold
2025,Jonny Bairstow,297433,0.24,unsold,Jonny Bairstow | 0.24 | Unsold
2025,David Warner,219889,0.24,unsold,David Warner | 0.24 | Unsold
2026,RS Ambrish,1489146,0.03,unsold,RS Ambrish | 0.03 | Unsold
2026,Will Sutherland,1076722,0.11,unsold,Will Sutherland | 0.11 | Unsold
2026,Swastik Chikara,1403198,0.03,unsold,Swastik Chikara | 0.03 | Unsold
2026,Chama Milind,604616,0.03,unsold,Chama Milind | 0.03 | Unsold
2026,Ritik Tada,1512088,0.03,unsold,Ritik Tada | 0.03 | Unsold
2026,Siddarth Yadav,1292499,0.03,unsold,Siddarth Yadav | 0.03 | Unsold
2026,Macneil Noronha,1327725,0.03,unsold,Macneil Noronha | 0.03 | Unsold
2026,Money Grewal,1350777,0.03,unsold,Money Grewal | 0.03 | Unsold
2026,Mayank Dagar,942367,0.03,unsold,Mayank Dagar | 0.03 | Unsold
2026,Manan Vohra,532856,0.03,unsold,Manan Vohra | 0.03 | Unsold
2026,Manisankar  Murasingh,390730,0.03,unsold,Manisankar  Murasingh | 0.03 | Unsold
2026,Izaz Sawariya,1515184,0.03,unsold,Izaz Sawariya | 0.03 | Unsold
2026,Jikku Bright,1515182,0.03,unsold,Jikku Bright | 0.03 | Unsold
2026,Ayush Vartak,1460382,0.03,unsold,Ayush Vartak | 0.03 | Unsold
2026,Utkarsh Singh,1081437,0.03,unsold,Utkarsh Singh | 0.03 | Unsold
2026,Karan Lal,1175495,0.03,unsold,Karan Lal | 0.03 | Unsold
2026,Daniel Lategan,1442945,0.03,unsold,Daniel Lategan | 0.03 | Unsold
2026,Nathan Smith,959771,0.08,unsold,Nathan Smith | 0.08 | Unsold
2026,Chintal Gandhi,1246531,0.03,unsold,Chintal Gandhi | 0.03 | Unsold
2026,Irfan Umair,1472101,0.03,unsold,Irfan Umair | 0.03 | Unsold
2026,Connor Esterhuizen,1070997,0.03,unsold,Connor Esterhuizen | 0.03 | Unsold
2026,Tanay Thyagarajan,1080008,0.03,unsold,Tanay Thyagarajan | 0.03 | Unsold
2026,Dheeraj Kumar,1246430,0.03,unsold,Dheeraj Kumar | 0.03 | Unsold
2026,Jhye Richardson,774223,0.17,unsold,Jhye Richardson | 0.17 | Unsold
2026,Riley Meredith,961713,0.17,unsold,Riley Meredith | 0.17 | Unsold
2026,Alzarri Joseph,670031,0.22,unsold,Alzarri Joseph | 0.22 | Unsold
2026,Richard Gleeson,473191,0.08,unsold,Richard Gleeson | 0.08 | Unsold
2026,Taskin Ahmed,538506,0.08,unsold,Taskin Ahmed | 0.08 | Unsold
2026,Dan Lawrence,641423,0.22,unsold,Dan Lawrence | 0.22 | Unsold
2026,Mohit Rathee,1349361,0.03,unsold,Mohit Rathee | 0.03 | Unsold
2026,KC Cariappa,777537,0.03,unsold,KC Cariappa | 0.03 | Unsold
2026,Tejas Baroka,1082859,0.03,unsold,Tejas Baroka | 0.03 | Unsold
2026,Murugan Ashwin,528067,0.03,unsold,Murugan Ashwin | 0.03 | Unsold
2026,KM Asif,1083030,0.04,unsold,KM Asif | 0.04 | Unsold
2026,Salman Nizar,826349,0.03,unsold,Salman Nizar | 0.03 | Unsold
2026,Waqar Salamkheil,1108490,0.11,unsold,Waqar Salamkheil | 0.11 | Unsold
2026,Chetan Sakariya,1131754,0.08,unsold,Chetan Sakariya | 0.08 | Unsold
2026,Dasun Shanaka,437316,0.08,unsold,Dasun Shanaka | 0.08 | Unsold
2026,Daryl Mitchell,381743,0.22,unsold,Daryl Mitchell | 0.22 | Unsold
2026,Michael Bracewell,326968,0.22,unsold,Michael Bracewell | 0.22 | Unsold
2026,Sean Abbott,398666,0.22,unsold,Sean Abbott | 0.22 | Unsold
2026,Sediqullah Atal,1161050,0.08,unsold,Sediqullah Atal | 0.08 | Unsold
2026,Kumar Kartikeya,1159843,0.03,unsold,Kumar Kartikeya | 0.03 | Unsold
2026,Karn Sharma,30288,0.06,unsold,Karn Sharma | 0.06 | Unsold
2026,Shivam Shukla,1460342,0.03,unsold,Shivam Shukla | 0.03 | Unsold
2026,Wahidullah Zadran,1411737,0.03,unsold,Wahidullah Zadran | 0.03 | Unsold
2026,Akash Madhwal,1206039,0.03,unsold,Akash Madhwal | 0.03 | Unsold
2026,Simarjeet Singh,1159722,0.03,unsold,Simarjeet Singh | 0.03 | Unsold
2026,Raj Limbani,1410814,0.03,unsold,Raj Limbani | 0.03 | Unsold
2026,Tushar Raheja,1151295,0.03,unsold,Tushar Raheja | 0.03 | Unsold
2026,Vansh Bedi,1413379,0.03,unsold,Vansh Bedi | 0.03 | Unsold
2026,Ruchit Ahir,1395884,0.03,unsold,Ruchit Ahir | 0.03 | Unsold
2026,Sanvir Singh,1132219,0.03,unsold,Sanvir Singh | 0.03 | Unsold
2026,Kamlesh Nagarkoti,1070188,0.03,unsold,Kamlesh Nagarkoti | 0.03 | Unsold
2026,Tanush Kotian,1125960,0.03,unsold,Tanush Kotian | 0.03 | Unsold
2026,Eden Apple Tom,1301544,0.03,unsold,Eden Apple Tom | 0.03 | Unsold
2026,Mahipal Lomror,853265,0.06,unsold,Mahipal Lomror | 0.06 | Unsold
2026,Rajvardhan Hangargekar,1175429,0.04,unsold,Rajvardhan Hangargekar | 0.04 | Unsold
2026,Yash Dhull,1292498,0.03,unsold,Yash Dhull | 0.03 | Unsold
2026,Jake Fraser-McGurk,1168049,0.22,unsold,Jake Fraser-McGurk | 0.22 | Unsold
2026,Atharva Taide,1125958,0.03,unsold,Atharva Taide | 0.03 | Unsold
2026,Spencer Johnson,1123718,0.17,unsold,Spencer Johnson | 0.17 | Unsold
2026,Jamie Smith,1096092,0.22,unsold,Jamie Smith | 0.22 | Unsold
2026,Gus Atkinson,1039481,0.22,unsold,Gus Atkinson | 0.22 | Unsold
2026,Maheesh Theekshana,1138316,0.22,unsold,Maheesh Theekshana | 0.22 | Unsold
2026,Fazalhaq Farooqi,974175,0.11,unsold,Fazalhaq Farooqi | 0.11 | Unsold
2026,Vijay Shankar,477021,0.03,unsold,Vijay Shankar | 0.03 | Unsold
2026,Mujeeb Ur Rahman,974109,0.22,unsold,Mujeeb Ur Rahman | 0.22 | Unsold
2026,Rahmanullah Gurbaz,974087,0.17,unsold,Rahmanullah Gurbaz | 0.17 | Unsold
2026,Anmolpreet Singh,851261,0.03,unsold,Anmolpreet Singh | 0.03 | Unsold
2026,Abhinav Manohar,778963,0.03,unsold,Abhinav Manohar | 0.03 | Unsold
2026,Wiaan Mulder,698189,0.11,unsold,Wiaan Mulder | 0.11 | Unsold
2026,Srikar Bharat,529436,0.08,unsold,Srikar Bharat | 0.08 | Unsold
2026,Deepak Hooda,497121,0.08,unsold,Deepak Hooda | 0.08 | Unsold
2026,Devon Conway,379140,0.22,unsold,Devon Conway | 0.22 | Unsold
2026,Jonny Bairstow,297433,0.11,unsold,Jonny Bairstow | 0.11 | Unsold
2026,Abhinav Tejrana,1507113,0.03,unsold,Abhinav Tejrana | 0.03 | Unsold
2026,Aarya Desai,1353014,0.03,unsold,Aarya Desai | 0.03 | Unsold
2026,Gerald Coetzee,596010,0.22,unsold,Gerald Coetzee | 0.22 | Unsold
